Timestamp,PositionX,PositionY,PositionZ,RotationX,RotationY,RotationZ,RotationW
2023-07-17 19:03:55.884,0.05777158627189198,-0.17606019427243422,0.26583222185614847,-0.04490483739961901,0.9860320233628594,0.003930603782774141,-0.07125171173361099
2023-07-17 19:03:55.894,0.0553515674215338,-0.1317056805773744,0.275194363664925,-0.021800934461716912,0.9861914096990687,-0.004012164977064225,-0.09393049543217168
2023-07-17 19:03:55.900,0.06508144068030985,-0.13757236380933852,0.2698089028724626,-0.022699899991273243,1.0204877169285693,0.006754228504143898,-0.08746152555517207
2023-07-17 19:03:55.906,0.06560499204526007,-0.14817689586013405,0.2613973169487119,-0.0060232836891200865,0.9892617140405298,-0.014153654498918528,-0.10317285614594311
2023-07-17 19:03:55.951,0.05119829323865188,-0.15640765430603756,0.2603850690207716,-0.01629718378054841,1.003847234102717,0.004513484479896841,-0.10224427404229484
2023-07-17 19:03:56.051,0.05439980201404526,-0.1591149093346007,0.25617816772088364,-0.013741310684253494,1.0176289185294414,-0.01462305225162615,-0.08941984212750757
2023-07-17 19:03:56.148,0.056955351153234086,-0.1473394871472174,0.26981844708934954,0.01345606321767699,1.0040732161773116,0.009327883240170748,-0.09477065701449298
2023-07-17 19:03:56.245,0.04271785250718747,-0.15238812232517035,0.26801264102823136,-0.0013537675699699936,0.9826325055734595,-0.0008449191095957253,-0.0992227496195987
2023-07-17 19:03:56.343,0.05843564544188374,-0.13678254447509108,0.24543636693095228,-0.02257945235431316,1.0085109445850475,-0.007252915066728014,-0.10083569329465795
2023-07-17 19:03:56.441,0.06896977277189928,-0.1381839839768344,0.2584474473245004,-0.009636047888978115,0.9905629751876706,0.00959383601491079,-0.1038783891180629
2023-07-17 19:03:56.538,0.07820268641099465,-0.15284449810306777,0.25705690103193674,-0.037717989104489986,0.9710551986739421,0.0035068962935749827,-0.09306503991973027
2023-07-17 19:03:56.649,0.06140582661497007,-0.13429455585045572,0.26125688355514115,-0.023082670972774513,0.9964497009133063,0.0008042699839800912,-0.08137206586764395
2023-07-17 19:03:56.747,0.05853759668544802,-0.1495650607154407,0.2687127949779699,-0.03358691454382471,0.9960649550929639,0.004590729091269788,-0.08664743227905047
2023-07-17 19:03:56.844,0.06853747157407239,-0.15479884363874205,0.27891233337368604,-0.024757358759526536,0.9859081029391519,0.006960887219247715,-0.08780901557364733
2023-07-17 19:03:56.942,0.07907058396429754,-0.1480476235911557,0.2746958206465432,-0.03424420064433695,0.9917520983526028,0.0009315650815491859,-0.0959618670392673
2023-07-17 19:03:57.039,0.05869395177881136,-0.14653782974889182,0.24882076711358062,-0.0334264640311166,0.9944388271277483,-0.01410325301150305,-0.07702989527890597
2023-07-17 19:03:57.151,0.06607509115035307,-0.14446578938731933,0.2606666108391669,-0.03230727045672514,0.9861177053484774,-0.006295400438235763,-0.07806802335032831
2023-07-17 19:03:57.248,0.06371081497762363,-0.1404132208425391,0.2630910433001213,-0.04007989955905793,0.9852145741756545,0.004743501885516871,-0.09654983113155097
2023-07-17 19:03:57.345,0.06365870566858015,-0.16161504411536912,0.26805747995221424,-0.017060381761134363,0.9989827928536786,0.008729580575214571,-0.08291311389641338
2023-07-17 19:03:57.443,0.06102949037827754,-0.14668943195302261,0.2551697267867895,-0.02108468950520201,1.0095740815029144,0.006112164281905084,-0.09103074588393162
2023-07-17 19:03:57.540,0.07290814623257344,-0.14546559955737517,0.25230463620689936,-0.0258202506419178,0.987632102471225,0.011707189258828682,-0.07385164712337434
2023-07-17 19:03:57.637,0.06929996098935615,-0.1748747989752935,0.24672091695149753,-0.057017941292048915,1.0065981774730228,-0.010777576369636934,-0.06496265589479874
2023-07-17 19:03:57.749,0.09073408788929285,-0.16916015627551767,0.2608853019096899,-0.05543406922752497,0.9988416896589845,0.012600886633231532,-0.09192637648575955
2023-07-17 19:03:57.847,0.08021593773502868,-0.1739297256487291,0.27348659176311435,-0.04098801792665061,0.9889788750690418,0.024575211675126968,-0.08497184406728796
2023-07-17 19:03:57.944,0.09190998535038139,-0.1650616008841255,0.2675720022950372,-0.0594163313464874,0.9705325541892466,0.0070166180878535505,-0.08358871136180915
2023-07-17 19:03:58.041,0.10049935503806934,-0.1760690364879441,0.26193268577476403,-0.057156004942967575,0.9852455925741215,-0.02677243690986511,-0.08205073429301493
2023-07-17 19:03:58.139,0.0941025447325784,-0.16840924921724293,0.26577696864710454,-0.06104596675303679,0.9915399204665435,0.0011016710365603106,-0.11864681643733671
2023-07-17 19:03:58.250,0.08361283611362404,-0.1750803092882522,0.2663180862239389,-0.05089989848136923,0.9964623150318285,-0.026991187088500398,-0.07428057344212972
2023-07-17 19:03:58.347,0.08312983753947371,-0.21062310931267533,0.2846870530226383,-0.04928487602018968,0.9792393627036836,-0.012170171354985493,-0.09772983573931701
2023-07-17 19:03:58.445,0.0976576495597801,-0.17396213453709075,0.27662645642855394,-0.03656089802294869,0.9872617020504523,-0.012875031688088042,-0.10936959828846105
2023-07-17 19:03:58.542,0.07500502095638348,-0.16571830433620682,0.2696888745554377,-0.05027573028237228,1.0007593225928608,-0.010506980169358145,-0.08296776901790281
2023-07-17 19:03:58.640,0.05773817210357769,-0.17148753827613214,0.2709224836465305,-0.028025537241115537,0.9848641987819239,-0.027567112657781917,-0.0653288333724303
2023-07-17 19:03:58.738,0.07252329496938262,-0.15910085285722425,0.26858186625200037,-0.03438541908088418,0.9914422555361772,-0.0024376329544561672,-0.08404696023927974
2023-07-17 19:03:58.850,0.03989578254796501,-0.14413486065369047,0.26793665459283034,-0.016973247144121163,1.000518687289804,0.003981810487120601,-0.11153952028945723
2023-07-17 19:03:58.946,0.04455614241644791,-0.13011018413272166,0.2794350878649342,0.0047411468342848945,0.9888486203394284,-0.017838615385294423,-0.14117065571160492
2023-07-17 19:03:59.044,0.04342660377365875,-0.10092836201660568,0.26888889597762167,0.020058096093208112,0.9885480961078734,-0.024495575666105537,-0.13436051023428155
2023-07-17 19:03:59.141,0.04042712658243591,-0.10071384999464003,0.269153081772173,0.010688160536967792,1.0021924383081686,-0.022877683463700685,-0.12395651098935478
2023-07-17 19:03:59.239,0.050005873989387786,-0.11212763115684024,0.26270458368010874,-0.02223854112381379,0.984237839337441,-0.011375894965296446,-0.10022115527509215
2023-07-17 19:03:59.350,0.03483094454493213,-0.10993465030139916,0.274327687267709,-0.032164191783045755,1.004756530207054,-0.004242661794074778,-0.09922712259886955
2023-07-17 19:03:59.448,0.05597842593658147,-0.1142737410134937,0.24171310377248906,-0.04300815575199569,0.9881792011222021,-0.012796269596833209,-0.08258455413346891
2023-07-17 19:03:59.545,0.06029624945110668,-0.11163840792338404,0.2747162028335211,-0.03997160235981467,1.0041555009274397,0.014690871158888306,-0.08284924278311177
2023-07-17 19:03:59.642,0.06744672457051482,-0.11169845837284362,0.250939655926703,-0.07044384363238831,0.9852925663375434,0.015037853192561715,-0.08043214634694598
2023-07-17 19:03:59.740,0.08051704957367586,-0.1334119770173758,0.24027321541750588,-0.04720152045996978,0.9921195112172901,0.009271071729282427,-0.09472284686746384
2023-07-17 19:03:59.837,0.06819976724005325,-0.1220395269570904,0.2720020091217936,-0.04408721088629872,0.9977431081418539,-0.004570971021075837,-0.07906093395231688
2023-07-17 19:03:59.949,0.05521919323109133,-0.12586788227161547,0.25915832470096906,-0.038910431648151986,0.9959783965303215,-0.000856742473042205,-0.10637125160656584
2023-07-17 19:04:00.049,0.07210366004621116,-0.1339808059110794,0.278301534178526,-0.05645265715350541,0.9970550069298342,0.004163823841006605,-0.09375677349932399
2023-07-17 19:04:00.144,0.07545374828892894,-0.12501840124954985,0.26179858917039966,-0.05215822086624413,0.9836731322088217,-0.0037547847470845905,-0.09334847499615058
2023-07-17 19:04:00.242,0.0537314278373901,-0.1334054559398502,0.2681427009440656,-0.043362431916336944,0.9908869606809195,-0.004600710389787818,-0.09729238579840015
2023-07-17 19:04:00.339,0.0696311150267657,-0.13495005458935205,0.2527589150477036,-0.05259514275283455,0.9866723072050755,-0.0077235099993840095,-0.09736627014779631
2023-07-17 19:04:00.451,0.053160231074127595,-0.1347534540965254,0.2708266806304727,-0.05277545902151076,0.9881125992679152,-0.006037514582350304,-0.08817442187981758
2023-07-17 19:04:00.549,0.05401187597071178,-0.13494719289501933,0.25411479298330425,-0.031758490839310816,0.9839636427748599,-0.001389024347677816,-0.09397016748137309
2023-07-17 19:04:00.645,0.065250834473398,-0.12154421193413928,0.2714387401709378,-0.03407303569538436,0.9951787149357325,-0.005934510184608924,-0.09826863367371376
2023-07-17 19:04:00.743,0.039350636613537104,-0.1306267409322426,0.23944589234346364,-0.03182396452061509,1.0026937145620658,0.011133730467028508,-0.08156475629592073
2023-07-17 19:04:00.841,0.07092293795632042,-0.11293358451498953,0.25275974947733265,-0.04314638035956359,1.0084227977479443,-0.0077285378588424275,-0.09233890784331186
2023-07-17 19:04:00.938,0.05997491934192346,-0.13479894961310632,0.2653417205277977,-0.05472438165244399,0.9913424341850777,0.00026907713393797947,-0.0788924726974981
2023-07-17 19:04:01.049,0.06987039493577067,-0.11141102453285,0.2747347013732693,-0.04642695675798254,0.9878996584745959,-0.004496647401953386,-0.09245830823020008
2023-07-17 19:04:01.147,0.048194313248373845,-0.11491098175277412,0.26879000627341576,-0.044857766736868726,0.9968529673771531,-0.009495880736945003,-0.0887575032987605
2023-07-17 19:04:01.244,0.05556300456198199,-0.12784251773514524,0.26664853841196745,-0.06540560332083764,1.010249274302247,0.004567777657795116,-0.09407915272355791
2023-07-17 19:04:01.342,0.05587734769622771,-0.13214951262566926,0.2640320118433161,-0.039114472696060554,1.000274671081055,-0.018642063749507692,-0.09073311223841975
2023-07-17 19:04:01.439,0.05699255750926449,-0.1328353644907035,0.2700440147285754,-0.02713358389501865,0.9916479255270194,0.008339096808543844,-0.0766749431538821
2023-07-17 19:04:01.550,0.058610709449871526,-0.11236759365490395,0.28754529103853804,-0.04098039311534492,0.9871048341390095,0.009523698724076119,-0.08405274724385461
2023-07-17 19:04:01.648,0.05675254089918925,-0.10719209885512121,0.2745152443027708,-0.05003926783301231,0.9974639707891609,0.00044992460735920545,-0.0879487061198719
2023-07-17 19:04:01.746,0.04598653931327677,-0.13339522867456194,0.2530664344157077,-0.04036599482652866,0.9792337965910239,-0.008714255090688282,-0.08501846999688811
2023-07-17 19:04:01.843,0.05132654734141483,-0.1323425923400047,0.266587468983287,-0.035272621608028264,0.9981953588841896,0.002529566091986052,-0.1013212845421262
2023-07-17 19:04:01.940,0.06390549490291005,-0.12105554773186401,0.26543160249017056,-0.048924424303655026,0.9692599300283271,0.007413499668110519,-0.08741028991118359
2023-07-17 19:04:02.038,0.06082659039067727,-0.15035875607671728,0.279512648300756,-0.024764739312661797,0.9988839909334389,-0.008512834213178316,-0.09011696387528433
2023-07-17 19:04:02.149,0.08383909412825295,-0.13843394110921653,0.2562864160188445,-0.039181585897763535,1.0047383984571638,-0.001725030045985225,-0.0756547804777341
2023-07-17 19:04:02.247,0.08270995153841457,-0.13342218785161508,0.26638618483719234,-0.035898640948398355,0.9864995615650668,-0.004208875950342279,-0.08280963054040577
2023-07-17 19:04:02.344,0.0657649648299568,-0.16758006114843166,0.2666015800307611,-0.038382114945445564,1.0162196924603155,-0.012560321982111433,-0.08180286042918736
2023-07-17 19:04:02.442,0.06949427621486197,-0.14281686186588677,0.2613083463834636,-0.04701481661471054,0.9989641944484704,-0.03499288383467909,-0.08252144046402113
2023-07-17 19:04:02.539,0.05648141052454759,-0.15533924387010006,0.2773889725357119,-0.03414069577183021,1.0017411724194196,-0.014395266747686063,-0.08824934118213178
2023-07-17 19:04:02.651,0.07329933981617413,-0.1530220492671641,0.26911929403813606,-0.0396258583436388,0.9735760027494156,-0.013074284421422633,-0.06246385172483626
2023-07-17 19:04:02.747,0.06632309342931053,-0.1695280638192072,0.2596698364093948,-0.04901816367605726,0.9878301686430355,-0.016881561292216612,-0.06148396356881979
2023-07-17 19:04:02.845,0.07778423227138662,-0.1511328771625962,0.26184126416748077,-0.05181375397208218,0.9970370498525006,0.002694219512275031,-0.08615743080378882
2023-07-17 19:04:02.943,0.0704802580763566,-0.14852661740542572,0.26279433079365855,-0.0441823645933861,1.006914226995988,0.0026394165148476093,-0.06873794061493642
2023-07-17 19:04:03.040,0.07450173166333049,-0.12702553092446808,0.27072276843007165,-0.03783483698893945,1.0195975870728256,0.007156150636806382,-0.08571337283295324
2023-07-17 19:04:03.138,0.08419584626819662,-0.15211721409442866,0.2678105750453983,-0.05064477661021206,0.9955918121045744,-0.013218345984966733,-0.07348785372057548
2023-07-17 19:04:03.249,0.050750530870114434,-0.1458103690578717,0.26654965125097435,-0.04740185085273366,0.9908064386375975,-0.0030438861085038404,-0.10210661502559384
2023-07-17 19:04:03.346,0.07148523722787756,-0.14631560521586237,0.2632824110919729,-0.0374786718946552,0.9861148533953753,-0.0033772654523989316,-0.07767315202295907
2023-07-17 19:04:03.444,0.06307623148085756,-0.12765080408218962,0.279343807229499,-0.04685198636146504,0.9868507458666034,-0.014909191758884164,-0.08640773817852099
2023-07-17 19:04:03.541,0.05273314282113252,-0.14116112883957588,0.27056572829503195,-0.009187882750665191,0.9822010958493931,-0.021410359248927847,-0.08351091433561428
2023-07-17 19:04:03.639,0.057667612981170804,-0.1554397950409881,0.2617129010959943,-0.037192114639124536,1.001207674469178,-0.016857777922585984,-0.07343655652459624
2023-07-17 19:04:03.750,0.04192089825026852,-0.1301195132188862,0.2740430639360911,-0.018974543284103522,1.0092258516913133,-0.009210928837634545,-0.06259588338296761
2023-07-17 19:04:03.848,0.05072616166497422,-0.14266898033925637,0.29385603002314015,-0.004635340712986142,1.007622587015767,-0.006259967480375975,-0.08111355520076477
2023-07-17 19:04:03.945,0.05270954588933735,-0.1203331330318332,0.2803718964377281,-0.02703488921529991,0.9890243754938188,-0.027816524926079812,-0.07191971304277847
2023-07-17 19:04:04.043,0.06181678804801826,-0.144224180870986,0.2753460629305276,-0.025595934614030043,0.9903254595463954,-0.025705984182957154,-0.08731274362105029
2023-07-17 19:04:04.140,0.06797290744585528,-0.13820035370079586,0.28088521467826916,-0.021999441208117695,0.996823288557844,-0.023363980998978077,-0.07820329060150309
2023-07-17 19:04:04.237,0.04692605857976911,-0.15337159548769635,0.2950707002199048,0.011615882439468716,0.9874082810694887,-0.06788369551923805,-0.08925614956262591
2023-07-17 19:04:04.349,0.04446298420200281,-0.1345127378784068,0.2972425141196725,0.04015344797486306,0.9894528067969363,-0.07719783888592159,-0.08199244053681319
2023-07-17 19:04:04.446,0.03500202406384526,-0.14531466732242526,0.33456336618266225,0.033244741067072286,0.9750804636220489,-0.11284812435869349,-0.07725502709237651
2023-07-17 19:04:04.543,0.020941842309677845,-0.158765777298143,0.3367434146958523,0.06829028358718726,0.9909025609955533,-0.1371846526568952,-0.07255725690356382
2023-07-17 19:04:04.640,0.005834986165168999,-0.13384484764619542,0.36953974075484536,0.1009660838585223,0.9728229354699853,-0.19054282328669217,-0.075005966188466
2023-07-17 19:04:04.738,0.00774797970380646,-0.1358188636103071,0.37919875150567456,0.10776403989889553,0.9733522738670438,-0.21857318180218868,-0.06165835500267341
2023-07-17 19:04:04.849,-0.008063457271223914,-0.14003791898569204,0.38113541632133513,0.12268202557162383,0.9479458772190714,-0.22110808649635202,-0.04631294102842261
2023-07-17 19:04:04.947,-0.015282511777233724,-0.13207350863935616,0.4103988270280449,0.1585538649199981,0.9520440048349043,-0.24692979592781156,-0.060212042692079866
2023-07-17 19:04:05.044,-0.019728916872518078,-0.11031014114432316,0.39347860725480455,0.18485660920031421,0.9390428371368018,-0.2810706444601307,-0.05848877043805451
2023-07-17 19:04:05.142,-0.004273822988944796,-0.12983948262126294,0.38367970169372567,0.16896601699381888,0.9661174204769535,-0.27650796932270977,-0.07519307490351447
2023-07-17 19:04:05.239,-0.007805772409540937,-0.13022782826315335,0.38535858917601684,0.17497623117536035,0.943967822671927,-0.25970693213823437,-0.052085795621640674
2023-07-17 19:04:05.337,-0.023723807768802143,-0.12360814343142766,0.39070024854597,0.1580391643668127,0.9605069596759122,-0.2650639473342013,-0.04289728042862774
2023-07-17 19:04:05.448,0.00908996647077501,-0.10714328917402381,0.3715832953912965,0.17843858369332574,0.9416442445419889,-0.27839276891950077,-0.0607930422837959
2023-07-17 19:04:05.546,-0.025212034579685814,-0.12980458438123962,0.40811415834873893,0.20035014934284684,0.9403559639349272,-0.2675046250987612,-0.05914512082104776
2023-07-17 19:04:05.643,-0.023220493807479974,-0.12693533700086812,0.3977311517200067,0.16989703648755564,0.9461973237363832,-0.2716042322562275,-0.07371892517676884
2023-07-17 19:04:05.741,-0.03541572247130532,-0.11955297614347149,0.3685056669547642,0.17844762774451228,0.9539633246134367,-0.28045601606240544,-0.06635430969778357
2023-07-17 19:04:05.838,-0.027274816823919523,-0.1292537632257878,0.3818731264859733,0.18192772773111465,0.9353994133086716,-0.25770477000070147,-0.05874751364642357
2023-07-17 19:04:05.950,-0.04061551917417627,-0.11388400787857725,0.38744435974592256,0.18714412895707844,0.9526037313061301,-0.2520923682241919,-0.06803032881257925
2023-07-17 19:04:06.048,-0.03765830957378632,-0.11487634291472246,0.39800964561067,0.18232206964127182,0.9612392485318325,-0.2609606867462183,-0.06481413442440916
2023-07-17 19:04:06.145,-0.03320308487301562,-0.1264261069039542,0.3885771830511112,0.20104300129674657,0.9348542013563789,-0.262825490980229,-0.05893404840914811
2023-07-17 19:04:06.242,-0.02121145896384126,-0.10550552779451122,0.3835006017134789,0.18686926797528464,0.9457177081885448,-0.27874879939799857,-0.04765031797232152
2023-07-17 19:04:06.340,-0.02269726889785749,-0.11488654825092198,0.3861929868980853,0.13599383080109934,0.966759671401659,-0.23973675579351608,-0.029953538662930376
2023-07-17 19:04:06.437,0.001075296755575387,-0.12686961170505104,0.3709069149181512,0.1359360598220185,0.9646301800038417,-0.21979534119614813,-0.05491660376508138
2023-07-17 19:04:06.549,0.006090605415955036,-0.1328005194256246,0.3484559466878155,0.10866434568540144,0.9606676663716939,-0.2016667311222691,-0.04728772182747176
2023-07-17 19:04:06.646,0.02349328210415601,-0.12921007634389392,0.3365780646240564,0.0512321919817851,0.9875666525169157,-0.17628000743300304,-0.028088112557144
2023-07-17 19:04:06.743,0.05601430385015546,-0.1283783352606141,0.30981396508213005,0.017520531763516534,1.001700284102693,-0.1273839169313548,-0.04639136556057074
2023-07-17 19:04:06.841,0.0384228882018395,-0.13654269726042823,0.29569714406464503,0.003669308262288877,0.991725823013072,-0.09430778258090469,-0.023434323954383288
2023-07-17 19:04:06.939,0.06285527282232575,-0.11328431474169284,0.2846710245227189,-0.007695079179991846,1.0047548521065028,-0.08807203256620386,-0.019921873626514725
2023-07-17 19:04:07.050,0.04431203514220104,-0.12227175364442695,0.2851739251863597,-0.013209852257825576,0.9966560755581396,-0.07213377432760042,-0.014171622394405732
2023-07-17 19:04:07.147,0.04436090064613979,-0.12195060060584062,0.27620650878179714,-0.040064854044549424,0.996967689293821,-0.060945953624336295,-0.03495612452532902
2023-07-17 19:04:07.245,0.07185551965682971,-0.11835386707604326,0.26555184532066106,-0.05309010405005367,0.9962973120636299,-0.05901646865431805,-0.048348851153362224
2023-07-17 19:04:07.342,0.08117581789755043,-0.09155609826817687,0.26936432752888056,-0.06410743163122518,0.9912755353382917,-0.020648638925722874,-0.022676677876293332
2023-07-17 19:04:07.440,0.06086879879195532,-0.12405117016869303,0.270619541563693,-0.04165020749900565,1.0131118578107399,-0.04001634281285443,-0.025392484216301345
2023-07-17 19:04:07.537,0.05475304342112615,-0.10690683635837511,0.2609026886102806,-0.055339375672360996,0.9914658133304957,-0.03180919645222803,-0.035169679359219844
2023-07-17 19:04:07.649,0.06458750811670737,-0.11858459888221656,0.26424326007774057,-0.04604169041402321,1.0007401040357562,-0.02301281630998018,-0.051718908207691074
2023-07-17 19:04:07.746,0.05128819612863386,-0.1284653306405763,0.26108739797323266,-0.042151966521438454,0.9940357161187052,-0.0361452641753983,-0.004290229476762879
2023-07-17 19:04:07.843,0.07979676051854748,-0.11203449416702385,0.2700208556286102,-0.04189313407752504,0.9893653756254824,-0.033080406636761796,-0.02960689886807667
2023-07-17 19:04:07.941,0.06884007953141826,-0.12230035621822685,0.2623815444857084,-0.047790475414229455,0.9901572887551758,-0.03590881804583164,-0.04489489581395524
2023-07-17 19:04:08.038,0.05128142914509144,-0.11594402858738086,0.2587416935236423,-0.056370554356837424,0.997197382510136,-0.0031307139138075403,-0.0038962907027209094
2023-07-17 19:04:08.150,0.06508051593345358,-0.11705071657856154,0.26336103431784713,-0.038641644473906486,1.0115575155257692,-0.014085556524402066,-0.016686999281827933
2023-07-17 19:04:08.248,0.0662459701010456,-0.13134785785013828,0.2597077925061513,-0.03743383080391639,0.9900535979105703,-0.011256836095546913,-0.03263466441444356
2023-07-17 19:04:08.345,0.07982388094631612,-0.12683686811726594,0.2640777465992249,-0.0358716908284559,1.0212053775878518,-0.023412241249087983,-0.024414665632245633
2023-07-17 19:04:08.443,0.06152389513577935,-0.12818360954140334,0.2508733224784954,-0.04137106853626375,1.0040152419041857,-0.01253389596312179,-0.015053368355840651
2023-07-17 19:04:08.540,0.05309175141309942,-0.12226780359780375,0.28182630748206217,-0.03508383641852874,0.9975061446692312,-0.034393193696932466,-0.029751365326374242
2023-07-17 19:04:08.637,0.057902219098848594,-0.10629677194324114,0.27053953003105025,-0.048225294585709455,1.0152302185506572,-0.02149056107455413,-0.03404654049542879
2023-07-17 19:04:08.749,0.052187434961459875,-0.13632943941279121,0.26080953583604244,-0.0438142019945868,0.9829130098879584,-0.008949230884591186,-0.01446261516633491
2023-07-17 19:04:08.846,0.0653929351096835,-0.1151940386583861,0.245967982235998,-0.04365346555963137,0.9996159821707356,-0.03601695845499578,-0.04333848667617296
2023-07-17 19:04:08.944,0.05340965231597613,-0.1288896417088292,0.2802789484069913,-0.04075164171151085,0.9860494300241809,-0.028903325206889798,-0.04119096340888641
2023-07-17 19:04:09.041,0.06160513515670055,-0.13176217514153632,0.269004793849117,-0.05120884079730653,0.9982312798539646,0.009440779230032628,-0.022462668887488185
2023-07-17 19:04:09.138,0.047408996763245115,-0.13377115484672525,0.265228628715108,-0.023787319530916447,1.0010368407828139,0.00297345519605567,-0.03317872218922705
2023-07-17 19:04:09.250,0.08524245436482558,-0.11921480242777503,0.269353153812383,-0.038194725826162,0.9981025431195205,-0.028479431013371505,-0.01884006153991085
2023-07-17 19:04:09.348,0.05406788545567251,-0.11948740522298355,0.2714325913782529,-0.042568389818987334,1.0024207733769184,-0.018550209602711597,-0.03514077152389325
2023-07-17 19:04:09.444,0.059778149174479295,-0.13299418313710887,0.25853076445872214,-0.03765179714141901,1.0073104621714755,-0.020358160344767777,-0.03023901435595893
2023-07-17 19:04:09.542,0.055907961541289186,-0.1395576275213978,0.2759097706888972,-0.02390738468406898,0.9958470641122126,-0.029200646130210915,-0.02751485817605626
2023-07-17 19:04:09.640,0.054295085354465596,-0.1272190216748499,0.26367293712733036,-0.01409411087043498,0.9970201652152477,-0.0444601654856765,-0.039400360463476176
2023-07-17 19:04:09.737,0.04197608382327766,-0.11450175772996839,0.3160762091450104,0.027584441307438208,0.9964800195785093,-0.0948218215078035,-0.058715151278083334
2023-07-17 19:04:09.849,0.01204248923004937,-0.10977308291881008,0.3254260973541345,0.094255214833162,0.985736532697428,-0.16365611617417555,-0.0695003193552769
2023-07-17 19:04:09.946,0.013893701035052046,-0.12483905787958019,0.3562195367862793,0.1327361785581515,0.9667013445269487,-0.18567936816336514,-0.06727780523875634
2023-07-17 19:04:10.043,-0.02024287121289496,-0.12908209925965441,0.35895274538083527,0.15753220141665233,0.9577501235762425,-0.23386198997862348,-0.05434670363409245
2023-07-17 19:04:10.140,-0.015410922774707098,-0.11179632231997975,0.38479365978293184,0.14069849409049118,0.9444771371620772,-0.26969137139705573,-0.06946035826563007
2023-07-17 19:04:10.238,-0.006162889652933627,-0.09618382823753006,0.37391324733161924,0.17389196469903828,0.9590377876114845,-0.23763982165784625,-0.08415888720037042
2023-07-17 19:04:10.350,-0.02336589611130678,-0.10308746068397259,0.36554339690895055,0.1812520023508566,0.9481439515261586,-0.2330447093596184,-0.048248692955347366
2023-07-17 19:04:10.447,-0.03203331864103436,-0.10484296472290452,0.3718505531814916,0.17916208866121613,0.9468646185925256,-0.2581744692274215,-0.07229375618507188
2023-07-17 19:04:10.544,-0.021987869438322923,-0.06405767364701252,0.3878760836532666,0.17952193999254873,0.94327471001657,-0.27273854036401246,-0.09178007811594235
2023-07-17 19:04:10.642,-0.02452055258065545,-0.09766307800922591,0.380067145968358,0.17705459416344244,0.9599345714840685,-0.24148253382255186,-0.07499284371095662
2023-07-17 19:04:10.739,-0.03613365908437512,-0.09970721208979089,0.37362733780949287,0.1811939909469746,0.9386031514196163,-0.2833630237858784,-0.08489137956970438
2023-07-17 19:04:10.851,-0.014444531556355958,-0.09677174406102579,0.37022834201328864,0.18328543363301308,0.9370516741474199,-0.26667852137839854,-0.06625598893957178
2023-07-17 19:04:10.948,-0.016760450941362415,-0.09503377745339009,0.3883300987519032,0.17224927464799583,0.9382742326466715,-0.2778280433239439,-0.07361593730261483
2023-07-17 19:04:11.045,-0.01601199359340981,-0.09061121798017589,0.3948483496929784,0.1985641678115643,0.9554082309852094,-0.27755326706485683,-0.06164316210085406
2023-07-17 19:04:11.143,-0.0018686709236793858,-0.11500299017509844,0.3954049113434427,0.17596559799940278,0.9421235304643512,-0.2735282131634135,-0.05773420514978884
2023-07-17 19:04:11.241,0.004178918967678767,-0.08858239867972213,0.38960709615125816,0.17816649420307304,0.9600392529034957,-0.2564556746372106,-0.06711687674493702
2023-07-17 19:04:11.338,-0.014207289542948845,-0.10294290507475023,0.37702622493836374,0.17801473382461533,0.9351968282528813,-0.25873070821866717,-0.062319812100255556
2023-07-17 19:04:11.450,-0.009093619363182016,-0.10199366818574024,0.389503667980535,0.17352718999092734,0.9434522941914735,-0.2782740468895937,-0.06619645620633173
2023-07-17 19:04:11.547,-0.014231325587689693,-0.10319680528569049,0.3733999017530647,0.15443571861185262,0.9460568625568118,-0.2706683584767732,-0.05872455762874701
2023-07-17 19:04:11.645,-0.009422501477578983,-0.09195171196385438,0.3655295571331757,0.15325685337245953,0.9648738514357993,-0.26432987125142154,-0.06743026527291801
2023-07-17 19:04:11.742,-0.006732534477926062,-0.11923441706557855,0.364668666602945,0.11248747952389444,0.9683821398458963,-0.21037713774932065,-0.08864992118013999
2023-07-17 19:04:11.839,0.012794572724262128,-0.11310378031967397,0.339824823713855,0.06680784135734849,0.9872531285078667,-0.15878364845564244,-0.03635369748166609
2023-07-17 19:04:11.936,0.06536850420160221,-0.10250867707943447,0.2892768944689096,0.018499942763332194,0.9852386549067029,-0.1203919429802162,-0.03201447386238893
2023-07-17 19:04:12.048,0.04647947579268042,-0.11716317252598539,0.2743625397213553,-0.012034916898069662,0.9818465247627333,-0.08877957110395246,-0.027665526802516424
2023-07-17 19:04:12.145,0.062388624769445546,-0.11090430380871263,0.29334228132995666,-0.016402243328718053,0.9879469677004085,-0.07501824813164854,-0.03449722164480607
2023-07-17 19:04:12.243,0.05421725955945577,-0.12368668075041414,0.26798175332653756,-0.024881097346634816,1.007883179546476,-0.03763776911527514,-0.019032852910246836
2023-07-17 19:04:12.341,0.04121146572950085,-0.10383932359793197,0.267864616911141,-0.028207174005607717,0.9976176819486946,-0.03985786588749705,-0.044229574647397
2023-07-17 19:04:12.438,0.053415086522151725,-0.1019774283572917,0.25475578320794723,-0.04213711404276542,1.00840124597141,-0.03038198995319972,-0.03746777999858998
2023-07-17 19:04:12.549,0.06966237429367339,-0.1115721533182868,0.26466119605450833,-0.06767949976419596,0.9962826289797895,-0.026964854548985496,-0.05306446970141199
2023-07-17 19:04:12.647,0.0753327077056845,-0.1025432932879944,0.272813343329936,-0.03111331952767568,0.9855673033293125,-0.011035399025335828,-0.03753654774546895
2023-07-17 19:04:12.744,0.062297681135604084,-0.1132713397781276,0.2812567817622614,-0.06254633581678952,0.9933045150935554,-0.04119180009729212,-0.05973777435772061
2023-07-17 19:04:12.842,0.08259299562343037,-0.12500722212257123,0.25862867097636427,-0.08253605311397673,1.0005900935082674,-0.02516957867742515,-0.05518223745780001
2023-07-17 19:04:12.940,0.09008617911861014,-0.14886499400650213,0.2742646446169882,-0.07665560434049912,1.0224725535651134,-0.023943620539422547,-0.06553957937146385
2023-07-17 19:04:13.038,0.0998147037641374,-0.14520339804062576,0.2854009298259157,-0.09312969606545185,0.98884656479412,-0.036811010077946016,-0.06955977733161262
2023-07-17 19:04:13.148,0.07312184006404787,-0.11938040106848405,0.2570356022415379,-0.07671636328537247,0.9862422577189814,-0.023863778033823013,-0.07791280676762516
2023-07-17 19:04:13.246,0.06305676359432424,-0.13991169767572906,0.273420232162444,-0.07961172144362427,1.0048122210954005,-0.03661221251249652,-0.08119221304666917
2023-07-17 19:04:13.343,0.07520873379409897,-0.14620948616458868,0.26100988381609996,-0.06811929843099976,0.9994315501902695,-0.04636053775865502,-0.07203015597397115
2023-07-17 19:04:13.441,0.06667766132500887,-0.13430570659051155,0.2752325553707751,-0.0574797800202475,1.0044950659038274,-0.030168366696151864,-0.06685398532367032
2023-07-17 19:04:13.538,0.08369087727101096,-0.13645477759790453,0.28805342294066466,-0.0622553935313787,0.9970469931727662,-0.016138687604845974,-0.07061853860559232
2023-07-17 19:04:13.650,0.08605993331601573,-0.13938747984561503,0.2603351940523343,-0.05021510731761803,0.9882247179884895,-0.03273093872322355,-0.08338359015461835
2023-07-17 19:04:13.747,0.07913006384459295,-0.12424672471512234,0.26106194943074923,-0.04952258534846349,1.0021044665841217,-0.02714373594152367,-0.06277519442094774
2023-07-17 19:04:13.844,0.08363290111329302,-0.12116465792452408,0.2738301213142298,-0.06800902649167119,1.005152608751357,-0.04265104481605607,-0.07200217864709882
2023-07-17 19:04:13.942,0.07089443936074341,-0.13814615619443413,0.2902934163339459,-0.04629864966214567,1.0009917384798206,-0.03728281829910657,-0.07392747731670048
2023-07-17 19:04:14.040,0.0681750040391707,-0.13123747277467387,0.2817171584303626,-0.0515808399049673,0.9882173907445918,-0.02120572931300429,-0.06702420121475608
2023-07-17 19:04:14.152,0.0797705773977749,-0.14984536483465807,0.2589059453466683,-0.04228390516278273,1.013606261410008,-0.015311486481789859,-0.06695016176122384
2023-07-17 19:04:14.249,0.06590595269034441,-0.12441469221080628,0.2572123954170936,-0.0459976672259305,0.9932487594410017,-0.04381375126827086,-0.048298582849226314
2023-07-17 19:04:14.346,0.08034281578382665,-0.1339668578312186,0.2660064524683784,-0.041056609655097484,0.9967490452629724,-0.024471768493982846,-0.08997203629865698
2023-07-17 19:04:14.443,0.07240149770709216,-0.12447211721925548,0.26151586972072965,-0.038730244222706676,0.9943211950031766,-0.03304933110379337,-0.06473287807190371
2023-07-17 19:04:14.541,0.05172749579501511,-0.15731686718837465,0.28649453159889327,-0.017161329307293728,1.0076050591718555,-0.0722353269975818,-0.057704411635013615
2023-07-17 19:04:14.638,0.04944913173317187,-0.1366369484099176,0.30151180131621924,0.028004030745604168,1.0016365500564586,-0.12398840481776717,-0.07031877613071576
2023-07-17 19:04:14.750,0.005591122793457641,-0.10883967717902257,0.36157334905280125,0.09849946943830319,0.9735880717008177,-0.19921578194117237,-0.059126861073049375
2023-07-17 19:04:14.847,-0.015290713320446972,-0.13012124259885888,0.35572881017814406,0.13092465615488802,0.95692400266202,-0.21985227027078738,-0.06673025584523437
2023-07-17 19:04:14.944,-0.01508152541967144,-0.13202083418506944,0.35275848704289214,0.1591879797977634,0.9408631264555066,-0.2660060504614537,-0.07254968320411512
2023-07-17 19:04:15.041,-0.02199620517504256,-0.09210096825105571,0.375337742340581,0.17117410553875714,0.9551212091218175,-0.263086861982606,-0.07889855035111647
2023-07-17 19:04:15.139,-0.034902720885616724,-0.10095815185426173,0.3826302673030751,0.17099022756291168,0.9494530956681759,-0.2580941310294448,-0.06627913002767818
2023-07-17 19:04:15.251,-0.024105788129894806,-0.10442466465383919,0.39944810401834396,0.19549172331436618,0.9572346822767935,-0.27814242847392545,-0.06889579563619332
2023-07-17 19:04:15.348,-0.01997467792616884,-0.10764881337648417,0.3934067702758567,0.20060654131010663,0.9445705257205058,-0.2595050890800639,-0.06284161211489013
2023-07-17 19:04:15.445,-0.03352600869853472,-0.11119579335302376,0.38700587710311835,0.19358410802721693,0.9336112668331888,-0.25799834314486764,-0.05883829709042681
2023-07-17 19:04:15.543,-0.0297163388554456,-0.10830075512927256,0.390581137013744,0.17549809844574388,0.9533869984078229,-0.2751354177147507,-0.05967670224984981
2023-07-17 19:04:15.640,-0.004899844038860835,-0.10925402512948094,0.4029759408733908,0.1809707355724698,0.958274070241619,-0.2634389068261569,-0.059210345940905046
2023-07-17 19:04:15.738,-0.022711479874891156,-0.09382271747005914,0.38565545837025045,0.1805828242755994,0.9500793855270653,-0.27622343103956304,-0.05378856315016205
2023-07-17 19:04:15.849,-0.028702058681275237,-0.09934949335731326,0.3849503095189179,0.16989013756922017,0.957218416476,-0.25305319190609216,-0.06431995392789773
2023-07-17 19:04:15.947,-0.01934020937756292,-0.09655221305148332,0.38212930162658565,0.1843719095007439,0.9449210917436425,-0.27708589228797337,-0.03916739977331873
2023-07-17 19:04:16.044,-0.02146679057478338,-0.11306763575930033,0.3729636942233999,0.15522258633575692,0.9516027640491782,-0.27508865832504265,-0.05396353032627802
2023-07-17 19:04:16.142,-0.017532856030457,-0.10114337391430192,0.377183214427209,0.17683481362791298,0.934944408756682,-0.25246498518297866,-0.060559866427623864
2023-07-17 19:04:16.239,-0.012977482882652887,-0.12616322849997486,0.3796693909421732,0.16961108768031904,0.9540576223367141,-0.25524359772818384,-0.0382092926982674
2023-07-17 19:04:16.351,-0.011861691519931859,-0.12834360232301434,0.38278479574569907,0.1525087463297437,0.9700131760137028,-0.2515320583870011,-0.05022255080308202
2023-07-17 19:04:16.448,-0.023376188215132723,-0.08908962653791165,0.34749342920363835,0.14287605549182666,0.9410063562194474,-0.23191443003397882,-0.06305490868733409
2023-07-17 19:04:16.545,-0.010454088736241285,-0.11505684321030575,0.3539431970483591,0.1325200591671567,0.9814715675309371,-0.17204491373052383,-0.05173911515058563
2023-07-17 19:04:16.642,0.006494124126527647,-0.11568542913836756,0.32507362063537465,0.09379143472012785,0.9862265781191687,-0.1378143394645199,-0.07201156756769143
2023-07-17 19:04:16.740,0.011538387259495882,-0.10384547736243992,0.2894458926172184,0.07578317623663586,0.9663096121514678,-0.14193854352043395,-0.06933855134987191
2023-07-17 19:04:16.838,0.022578507311155592,-0.12260642810461793,0.3298289343183945,0.09422441770977821,0.9873232172295806,-0.1720719207912127,-0.04388739973683525
2023-07-17 19:04:16.949,0.007837156202363199,-0.11821205444478276,0.3307753612735695,0.11849307076970741,1.0020233597499224,-0.1748522039721004,-0.04588418788524595
2023-07-17 19:04:17.047,-0.020436622604346248,-0.1203148783610076,0.3592014882310341,0.13003298011981534,0.9645516135878728,-0.2091458291114507,-0.04591294244101167
2023-07-17 19:04:17.144,-0.013658474611104521,-0.09759165503220014,0.3697696432485238,0.14490201708227246,0.9579583475914685,-0.24697338252908663,-0.046659084637746866
2023-07-17 19:04:17.242,-0.005682445726662641,-0.09331840432280118,0.35225051660980167,0.13656274612874297,0.9672813193382588,-0.2530517547881693,-0.040125119914812823
2023-07-17 19:04:17.340,-0.020116224300465807,-0.14096389273549695,0.3855895083192625,0.14001260232117263,0.9634841696807839,-0.2500184958482732,-0.027288308082015586
2023-07-17 19:04:17.451,-0.02931825817192606,-0.10166202424052354,0.37812082993905527,0.16983558653227937,0.9421459576781317,-0.2308197055097064,-0.0453799115692884
2023-07-17 19:04:17.548,-0.02385445700600606,-0.108170029357952,0.3811650630949001,0.17397890421697895,0.9608769924658247,-0.2512102501544399,-0.039515078664144956
2023-07-17 19:04:17.646,-0.003977513454841921,-0.10560982296016262,0.37705871840083943,0.1269319263519199,0.9464485596218788,-0.2387740482519426,-0.030839049662407397
2023-07-17 19:04:17.743,-0.012771057230529398,-0.1147640938244703,0.38818853105846507,0.16525945733896047,0.9469817575329893,-0.2415513534604979,-0.043945204759302706
2023-07-17 19:04:17.841,-0.009267941241307046,-0.12290433626562754,0.3868444974307683,0.16558444431970668,0.9354593098681694,-0.26916982607776996,-0.029509223950710615
2023-07-17 19:04:17.938,-0.024280319459510227,-0.1230186961271383,0.40458604389835473,0.15662301768339515,0.9602758535589468,-0.2562360071098572,-0.02456080536672047
2023-07-17 19:04:18.050,-0.014497199790168773,-0.13812900566779995,0.3984388303400687,0.16599846235532692,0.9465605126250919,-0.2431681109350644,-0.025851167773864064
2023-07-17 19:04:18.147,-0.021795457934123907,-0.12593899579766055,0.38421786962965265,0.1731175685710845,0.9560696165063212,-0.23611648599185325,-0.018989460652648227
2023-07-17 19:04:18.244,-0.0017470371331455205,-0.11429810839458841,0.37211973421767264,0.14126110431049796,0.9681118543905451,-0.2619615149637911,-0.03308477044387391
2023-07-17 19:04:18.341,0.0036977140081221375,-0.11349751812971852,0.36244648380354694,0.1364160485148087,0.9595408450161858,-0.22070937752443742,-0.03717090726668223
2023-07-17 19:04:18.439,0.028471659928755274,-0.11343488261056962,0.3411080030622952,0.09820523416242914,0.9889460936569113,-0.17747575046121927,-0.011161687732358427
2023-07-17 19:04:18.551,0.0268576012652057,-0.09838144005453217,0.29274699370695345,0.017498621175254254,1.0029128972194268,-0.13681912618838857,-0.01015345555652301
2023-07-17 19:04:18.648,0.05119515939445729,-0.11360519667574161,0.2820602702228059,0.03207560772850023,1.0030544947166138,-0.10433391603748446,-0.023699954840677488
2023-07-17 19:04:18.745,0.020978975858764393,-0.07195656403534206,0.2886192423247891,0.035123227591676943,0.9856579730389289,-0.10613698338680752,-0.048435150299337607
2023-07-17 19:04:18.842,0.051588681682154004,-0.09386761639399777,0.28476135388443635,0.004017194557773485,0.9940627529849149,-0.043267579699009864,-0.05774337551635321
2023-07-17 19:04:18.940,0.05352559596506187,-0.10024183327561458,0.2848792079846153,-0.007200527468403692,0.9881302125709003,-0.034925233329620095,-0.03212918808250996
2023-07-17 19:04:19.038,0.055306232533121176,-0.10075520131316107,0.26877515101647126,-0.04558254181624875,1.0162448065922944,-0.019196461929099386,-0.03128113638847093
2023-07-17 19:04:19.150,0.06872840774629671,-0.11845270087317614,0.2617242612165186,-0.036733205328914074,0.9765978686462194,-0.048019316781693876,-0.04231719305289197
2023-07-17 19:04:19.247,0.0725176588065267,-0.12547355480427125,0.26738950006085377,-0.028851983242286765,0.999819297316972,-0.035750647724632025,-0.03410163857326801
2023-07-17 19:04:19.344,0.06163632720328036,-0.12557249759099715,0.27558158657555704,-0.01008253849427327,0.9936207549436532,-0.045925779215695794,-0.03957235322566451
2023-07-17 19:04:19.441,0.045912425122765305,-0.1282634061770495,0.2713158052809345,-0.031016257788147233,1.0078397353039055,-0.015757286846191057,-0.02876475715040716
2023-07-17 19:04:19.539,0.046360242626788076,-0.0995173159301681,0.29336052845839344,-0.027502692102260657,1.0052242911841525,-0.03175517561853445,-0.05701619760975296
2023-07-17 19:04:19.651,0.051436767808588864,-0.12783672443323493,0.25984372045311227,-0.005483102376668171,0.9950210850647151,-0.046682466022545166,-0.03684957570184127
2023-07-17 19:04:19.748,0.08259768741938452,-0.11674154983841487,0.256037076827417,-0.024285911334421276,0.9921440062578368,-0.0460246173786037,-0.04220594664460273
2023-07-17 19:04:19.846,0.06699296032620641,-0.1255045770566367,0.26837402197673416,-0.02013669445633372,0.9966203827091148,-0.056507390484111644,-0.021376246461628428
2023-07-17 19:04:19.943,0.07419377995858166,-0.11906920344022824,0.2621012485953337,-0.031450495426512425,0.9970499455108652,-0.03516260913368359,-0.030889273449070873
2023-07-17 19:04:20.040,0.0660139495277952,-0.10677445456408166,0.26896401768597183,-0.0288145654812428,0.9947542388458178,-0.0369990945553917,-0.0552702483572601
2023-07-17 19:04:20.138,0.0803178684256062,-0.1253799472887043,0.2529100707443115,-0.04538975416325686,0.9901122808840486,-0.024993399937969698,-0.02865213998103524
2023-07-17 19:04:20.250,0.0743425096556289,-0.1268039563830082,0.2613228385007849,-0.036893379741555016,0.9921286947126952,-0.017722961404400314,-0.05465753281264997
2023-07-17 19:04:20.347,0.04825941706583464,-0.12450873249314158,0.279300264991422,-0.02225043056857551,1.0043275947927681,-0.012025106345061556,-0.04647429335372054
2023-07-17 19:04:20.444,0.058659991282351845,-0.11051203095604979,0.2716509421506882,-0.02458219379033502,0.9940479952523184,-0.03306953272892171,-0.052460901653452
2023-07-17 19:04:20.542,0.06721224523622504,-0.12663326107128753,0.2603556927196623,-0.03067615862722787,0.982295208802038,-0.03558174687729185,-0.04199722790940057
2023-07-17 19:04:20.639,0.07908919932904782,-0.12062218191638097,0.26640636657981476,-0.03432837692368478,0.9984362656101953,-0.03705956047288041,-0.03857270434436893
2023-07-17 19:04:20.751,0.0609606656155678,-0.10485120069062605,0.27608168388820176,-0.01956546544779693,1.0008149513408706,-0.03185167046618375,-0.055682535215626223
2023-07-17 19:04:20.849,0.061835385482566965,-0.10382051460186446,0.2656134348471809,-0.034920295878599183,1.0101388683463233,-0.02500346202186859,-0.05857544387899058
2023-07-17 19:04:20.945,0.06226595611178327,-0.13585957153502198,0.26526944825717264,-0.031367279910024366,1.0008730249239015,-0.023393829573900723,-0.04897088617134335
2023-07-17 19:04:21.043,0.06193163451388256,-0.1327390669090186,0.2668040414567266,-0.03882130741474303,1.0066145735318945,-0.024190189823199332,-0.047176432562352565
2023-07-17 19:04:21.140,0.05522985342554154,-0.1282260501659028,0.26146992069218605,-0.02971732178410263,0.9866354481233754,-0.025110601022354018,-0.055424076367660856
2023-07-17 19:04:21.238,0.07420253299380752,-0.13415058525129256,0.28322464933366837,-0.03369093271707272,1.0023807371061375,-0.037567356635599,-0.04659044045504171
2023-07-17 19:04:21.349,0.07338162243160792,-0.1459132643251899,0.2763520854080858,-0.019704984707306562,0.9823580156794871,-0.030881507989657934,-0.05092265971614263
2023-07-17 19:04:21.446,0.08195549971799303,-0.14279630906575158,0.2487386335482047,-0.031173456147377668,1.0007554103219412,-0.027120806756609203,-0.047298814022093884
2023-07-17 19:04:21.544,0.0643622594927229,-0.12992752486269335,0.2538630809012018,-0.022699181546689495,0.9919744407269093,-0.020217388338870258,-0.044689958524611745
2023-07-17 19:04:21.641,0.04496013665951949,-0.12191109186823043,0.26494027404230036,-0.029213205325134335,1.004647820619553,-0.03104812848151337,-0.04512673715508361
2023-07-17 19:04:21.739,0.062376881041987284,-0.10822386228888925,0.27065669769487405,-0.027252083173436793,1.001460100678742,-0.031112869175306375,-0.05929546433756368
2023-07-17 19:04:21.850,0.057023846403331135,-0.12836550762946397,0.2821203464025471,-0.011192364585041444,0.9968936103389776,-0.06340897807073034,-0.05729007832406754
2023-07-17 19:04:21.948,0.03381147344758903,-0.1272718709733774,0.3097520573567522,0.011461071638713374,1.0146978208224366,-0.09101955309018316,-0.04248769485804044
2023-07-17 19:04:22.045,0.013621818832160888,-0.12734696072692972,0.33485533159626846,0.06644781282853578,0.9769273233603492,-0.1586332935150723,-0.048645076760334686
2023-07-17 19:04:22.143,-0.018609269802435033,-0.11251803294745137,0.3630914841975582,0.1264702006320146,0.9683155350482509,-0.18644538686584844,-0.036294320161178416
2023-07-17 19:04:22.240,-0.013098879101023177,-0.08178188635564881,0.3832491382859137,0.17463138968696165,0.952135012760119,-0.2324845357308684,-0.07398143912418507
2023-07-17 19:04:22.338,-0.015892606032444988,-0.08808778066652061,0.36650259826600695,0.17862248266482392,0.9498669801626537,-0.25394009297436043,-0.08645161762135405
2023-07-17 19:04:22.449,-0.02328530974742326,-0.07832991005831422,0.3612386720121466,0.16351918136551666,0.9439007625870204,-0.26495578027066075,-0.07918904290634293
2023-07-17 19:04:22.547,-0.010262059008059914,-0.10174008913187005,0.37059936038925595,0.1940586313372276,0.9514986126457684,-0.27180169264356663,-0.07920752938424516
2023-07-17 19:04:22.644,-0.0082338977838714,-0.0911978501230258,0.3825342972404549,0.17172028380328777,0.9532520189291561,-0.2525937772556306,-0.08144978839050819
2023-07-17 19:04:22.741,-0.0355479089634077,-0.10590501539040799,0.3978727760923049,0.17447081054134034,0.9444966296297995,-0.26953929162407847,-0.059492007980979165
2023-07-17 19:04:22.839,-0.025771000215759513,-0.09519275824171097,0.365282483798465,0.17635928111951082,0.950054761537156,-0.27650894334693676,-0.06786951459429007
2023-07-17 19:04:22.950,-0.024138658558571526,-0.09655226528991714,0.3616642054006788,0.18297982835038787,0.9356592897413246,-0.26133889253358983,-0.07257347720511641
2023-07-17 19:04:23.047,-0.01894470728513729,-0.08580576726232228,0.3997769574700769,0.17385721833147255,0.9552814302600489,-0.24981974705825194,-0.056016878314385246
2023-07-17 19:04:23.145,-0.015849508395354164,-0.07261788818983672,0.3617053526887433,0.16913656155194412,0.958175098207614,-0.2537857505619048,-0.05323136700910855
2023-07-17 19:04:23.243,-0.01744184205287765,-0.10080575590323941,0.3763728350519912,0.17001435579416668,0.9618065925404233,-0.266108369050148,-0.06414714311090304
2023-07-17 19:04:23.346,0.0005265406403336496,-0.10367040304675107,0.3638928558738658,0.15867493588672282,0.9419165096633517,-0.2643752988617792,-0.06931121302524218
2023-07-17 19:04:23.438,-0.02182025552955068,-0.1085150882024495,0.3768116990421865,0.1607746998819659,0.951361105567056,-0.2448097370215781,-0.05755469997172735
2023-07-17 19:04:23.549,-0.010566513657411177,-0.09631103606944007,0.3871012425920025,0.16440657159208596,0.9655601265894761,-0.248705151164,-0.06362973788725765
2023-07-17 19:04:23.647,-0.00594038157538522,-0.10847146025363781,0.36724849910132534,0.1317604693357182,0.9581546147468315,-0.24059785778329842,-0.06981733969744684
2023-07-17 19:04:23.744,0.014944528178874853,-0.10820080866773167,0.36039916440366526,0.1127465947318923,0.9642029967432353,-0.18628076668851876,-0.06343255817199607
2023-07-17 19:04:23.842,0.01591043515074378,-0.09246009224359263,0.3128896113936353,0.06282434066176408,0.9911960332437367,-0.1619461387931594,-0.07144329001149091
2023-07-17 19:04:23.939,0.042487656358956946,-0.10482347712222943,0.32826175266061774,0.028359017392546967,0.9845683224299606,-0.08616840113968566,-0.06611888760669765
2023-07-17 19:04:24.050,0.03507532981225009,-0.10803697177719114,0.27762388944285143,-0.004740451958902443,0.9953600142028197,-0.05501902120473104,-0.0716732244211996
2023-07-17 19:04:24.148,0.061322854719231434,-0.11083400799225136,0.2662329088953374,-0.027904467976931177,0.9976678270359961,-0.04789764541656609,-0.08109373869563902
2023-07-17 19:04:24.245,0.05323182936584277,-0.1022837737881315,0.27759020260434547,-0.03352186218257427,1.010077293154932,-0.038453681082337286,-0.058412087725783435
2023-07-17 19:04:24.343,0.0654672571663462,-0.10874792038754415,0.26607849385979093,-0.040295942767297685,0.9833068188284126,-0.0310277210760835,-0.051173912530643156
2023-07-17 19:04:24.440,0.05837239829484853,-0.090438153743684,0.2638708641806923,-0.0640658233914227,0.9937393228017549,-0.003389728557067319,-0.03092601921791958
2023-07-17 19:04:24.537,0.06520390752823371,-0.11617356319878429,0.26554866629573043,-0.04883135394057098,0.9850664770162522,-0.011003190957006075,-0.04756414937935326
2023-07-17 19:04:24.649,0.05914069011422494,-0.11419959508845777,0.24505408894445138,-0.056420518232326605,0.9787785371108828,0.010100013796732461,-0.04276885444557258
2023-07-17 19:04:24.746,0.05035740111403089,-0.11339730566778448,0.2548238213594837,-0.045887239815949825,1.000107449740301,-0.0010332711675144189,-0.05667188655031929
2023-07-17 19:04:24.844,0.0680766967196349,-0.10662480933290297,0.24832937541154637,-0.05406937081512885,0.9968571055223313,0.0043723354938566186,-0.050692370117345446
2023-07-17 19:04:24.941,0.04797570744608266,-0.1361581285818586,0.25865920958463606,-0.044406659402633435,1.010383390057185,0.0033276121435784397,-0.03909309691258395
2023-07-17 19:04:25.039,0.0622961540917571,-0.11371204571477077,0.24919894894358105,-0.04820505688819842,1.0032077737063516,0.001086988757034212,-0.03889643536338025
2023-07-17 19:04:25.151,0.056746210658120265,-0.11215980098812249,0.2515481400519293,-0.04948149389324666,0.9973013451331622,-0.0021537655220691416,-0.05363932032341055
2023-07-17 19:04:25.248,0.03680403845354582,-0.10687271460450203,0.270887214037989,-0.03809387982627728,0.9892816177045382,-0.003527078137799202,-0.049514731885289355
2023-07-17 19:04:25.345,0.07562740536796433,-0.1346688221130974,0.24900255424684403,-0.03297876531797977,1.0077139462374336,0.005071554981809845,-0.04071442009545482
2023-07-17 19:04:25.442,0.0739987087197056,-0.11595379516002814,0.25351474181835115,-0.04392129049566372,0.9953768103260988,0.023729988582263793,-0.05097341618295648
2023-07-17 19:04:25.540,0.05764706927638584,-0.09931905777565882,0.2525488080353935,-0.026563602728559822,1.00568719666562,-0.004615699944932895,-0.07092876645622449
2023-07-17 19:04:25.637,0.06114241787099498,-0.12696077415893894,0.26415414480843585,-0.053136249313227024,1.0078411212514173,0.02277282001745546,-0.07297796458232515
2023-07-17 19:04:25.749,0.07441972098350651,-0.12149752382572394,0.2468401374960017,-0.04717117266220677,1.0052352289859334,0.034009403410115505,-0.07784027715736952
2023-07-17 19:04:25.846,0.07178048826209768,-0.12169137117160739,0.24366026278247227,-0.05383689380004594,0.9953325790122789,0.019222870605246807,-0.08582109400809611
2023-07-17 19:04:25.944,0.04703831910029124,-0.1233950706667366,0.2530164725231624,-0.06379530894293699,0.9900288962580919,0.009759140386853653,-0.08758776089643634
2023-07-17 19:04:26.041,0.07914453159735953,-0.1283036335941466,0.2543892394637051,-0.04932970702811755,0.9907836183875863,0.011443062665402931,-0.08272158858335449
2023-07-17 19:04:26.139,0.08229811488635422,-0.10696872705653106,0.2421854481991015,-0.03553179954088867,0.9831953058965771,0.027668594841454362,-0.08162064096062605
2023-07-17 19:04:26.250,0.06650515724594047,-0.10440668329997514,0.25036747018844646,-0.059941041237281195,0.9849167200196068,0.02969407195238912,-0.10459134646130869
2023-07-17 19:04:26.348,0.06206181425908941,-0.10944861687380525,0.26241467235224575,-0.04956650728357023,0.9983139796832349,0.01245569249920032,-0.08045343602965753
2023-07-17 19:04:26.445,0.06193217579282776,-0.14802668689876305,0.26046791811960196,-0.05408442345032092,1.0016140414444827,0.005849300821182662,-0.11714004753018135
2023-07-17 19:04:26.543,0.08932551733544299,-0.11875902346545286,0.24134349750429882,-0.06314133338003813,1.0084258433093303,0.018103572964741965,-0.09362684734282922
2023-07-17 19:04:26.640,0.07134047894863117,-0.11815025880989585,0.26028716108073036,-0.06495329000102631,0.9950497731316994,0.021332966627318883,-0.0886993901292933
2023-07-17 19:04:26.737,0.07344591568405141,-0.13168751937842504,0.26368621881263077,-0.07037479548867981,0.9957537589540322,0.007839183048877318,-0.09365775882883048
2023-07-17 19:04:26.849,0.09133260814855221,-0.1267501428735221,0.2647733777161757,-0.07412263417174782,1.0003952011833912,0.03180147455918311,-0.08964609854792202
2023-07-17 19:04:26.946,0.07630212804258131,-0.1270761396416726,0.2576923937375084,-0.06957119125741847,0.9983396007342057,0.01774418643516064,-0.06532840276199725
2023-07-17 19:04:27.043,0.07789406950922259,-0.10135263847662063,0.24371813700338563,-0.08162687237694573,0.9921744895900604,0.01645535552536404,-0.09624101152497488
2023-07-17 19:04:27.141,0.06698601412932073,-0.12911934069304665,0.26491270686735063,-0.06689356348032885,0.9974447172115818,0.030940811690736657,-0.08337305929766918
2023-07-17 19:04:27.239,0.07591313820768801,-0.11384402820659803,0.2499570433068115,-0.0649032833755937,1.0013956924420258,0.01620533998838464,-0.10855127174280883
2023-07-17 19:04:27.350,0.07987891533515913,-0.1393660178378944,0.24674564606548094,-0.058850044323721866,0.9853178817638115,0.016808341760114313,-0.08108481911016477
2023-07-17 19:04:27.448,0.06337459262734062,-0.11547502975957034,0.24938547195945995,-0.07453037565658027,1.0089968638570614,0.01675676479532343,-0.0849112258984953
2023-07-17 19:04:27.545,0.09173675432686362,-0.13614003307018327,0.2551770783785059,-0.04944349000628036,0.9767001960545284,0.020929485947205614,-0.097760210044641
2023-07-17 19:04:27.642,0.07757174630544872,-0.11450194950401976,0.26589579001863695,-0.051370331613609085,1.0020679033036834,0.010215969636626451,-0.07607290524154776
2023-07-17 19:04:27.740,0.08237837786644056,-0.11085582636782673,0.24871558609018557,-0.03456915754452372,0.9854734331102314,0.00835915309972602,-0.09370522311436683
2023-07-17 19:04:27.838,0.06435683819530288,-0.13292782901139652,0.2523884125650845,-0.048379760715373,1.0048099408418243,0.01710252978731179,-0.08485108940515294
2023-07-17 19:04:27.949,0.06348330129481367,-0.14028330726303745,0.24676022693524352,-0.0541600065614799,1.0011571091837173,0.008171730547773847,-0.07676826372568371
2023-07-17 19:04:28.046,0.07930147764943438,-0.13653153382364466,0.2710123421809233,-0.03784608722482362,0.9951444318906383,-2.75011237551347e-05,-0.09943867313338733
2023-07-17 19:04:28.144,0.09738444158544286,-0.14391385638569393,0.2654573413427712,-0.0629421755026891,1.000042408675917,-0.0038263070667159224,-0.10018593526573447
2023-07-17 19:04:28.241,0.06770998006050348,-0.14350034532239261,0.27124703006290896,-0.04272598177221987,0.9938372414078747,-0.004840837509241617,-0.07968317125757088
2023-07-17 19:04:28.339,0.07734342018019712,-0.12145403054764911,0.25312623376725435,-0.0503882292029126,0.9885339778264038,0.010276687598118098,-0.07345735124316581
2023-07-17 19:04:28.451,0.06647751115048253,-0.14597936902129668,0.25403397742643663,-0.04458931459306204,0.9955336481562177,-0.001842659226310885,-0.061912792350702586
2023-07-17 19:04:28.547,0.05745453440708495,-0.1383948051343409,0.272183157437111,-0.051459178970132885,0.9874479847390456,-0.023110098296189353,-0.08757016650169576
2023-07-17 19:04:28.645,0.06966817749131278,-0.12450810621641689,0.27368766100951714,-0.04031596351978848,1.0014091263994909,-0.026486110686047785,-0.08369154380870225
2023-07-17 19:04:28.742,0.057445216876304196,-0.12901476810033113,0.2727781736853245,-0.028840604390638135,0.991200415335033,-0.018277268529829263,-0.09413415535824135
2023-07-17 19:04:28.840,0.07207991615535228,-0.10568599791006202,0.27991002891552696,-0.03337105590836796,0.9935954760848649,-0.05394312915351785,-0.057333243760586475
2023-07-17 19:04:28.937,0.06750050062260429,-0.13491587304111058,0.27450348010816955,-0.03959545511098034,0.9891547597888983,-0.04175210755780451,-0.08472309349735559
2023-07-17 19:04:29.049,0.062202762852644124,-0.10890469067579311,0.26785449624255114,-0.03645658338793546,1.0168575535634934,-0.03586076720183452,-0.06915563927626545
2023-07-17 19:04:29.146,0.07881859115688689,-0.12283229940937314,0.27513084064972876,-0.05342960461335485,1.0077483986376365,-0.03427056732961741,-0.07260287712255731
2023-07-17 19:04:29.244,0.07593948192323262,-0.1055845192555383,0.2702647404332087,-0.049830472098580506,0.9890012396724526,-0.038199407849900044,-0.05062901132294135
2023-07-17 19:04:29.341,0.07509523973580232,-0.125638367846036,0.24256340901680382,-0.06216725558994523,1.0058449897561927,-0.015821946584082876,-0.07523299890040089
2023-07-17 19:04:29.439,0.0731129114286763,-0.14061471027569164,0.2725773448480722,-0.05837126411127505,0.9972070112130194,-0.02101177774394122,-0.05293611440819019
2023-07-17 19:04:29.550,0.07135762411809934,-0.12504146646072822,0.2616051406017352,-0.055323338809844275,0.9884032941288373,-0.009846441893973656,-0.06679375407898178
2023-07-17 19:04:29.647,0.06605248910881036,-0.13506981139136068,0.24460843618948785,-0.06593250028757568,1.0058571859929868,0.006523771022392936,-0.10242328209375792
2023-07-17 19:04:29.745,0.07711968221512691,-0.11505690845009169,0.26594413235945386,-0.061452256250999523,0.9894312891558626,-0.019087076966879127,-0.0780176828104157
2023-07-17 19:04:29.843,0.06026951692108981,-0.12301699398910919,0.24412551648118622,-0.034991599173701926,0.9840614343851055,-0.011430807780927622,-0.08687550946789306
2023-07-17 19:04:29.941,0.05594414388850039,-0.12001105552533364,0.26443378285294705,-0.052630998135023976,1.020738948478728,0.00146317553395558,-0.08012851135390758
2023-07-17 19:04:30.038,0.07984192261507994,-0.11007268361326317,0.26511855803544504,-0.05420666298218735,0.9910591525557246,0.0010368158901104853,-0.07699243568110817
2023-07-17 19:04:30.149,0.08477538105319168,-0.12205837541956216,0.24006237048373497,-0.07427157837689961,1.0002654711456642,0.014326844312629669,-0.08847982241759732
2023-07-17 19:04:30.246,0.08013674292450104,-0.12980822560834604,0.2523697883776817,-0.06436522628938961,0.9866251400290006,0.0068476240246134,-0.0696791551155432
2023-07-17 19:04:30.344,0.07848010975403831,-0.12380429918182322,0.26934200053775825,-0.06535292598127855,0.9981608862073602,0.0019438341597043775,-0.09976269935125329
2023-07-17 19:04:30.441,0.06298501559936116,-0.11101789853355672,0.25485255997114703,-0.06958377169238622,0.9797844757693741,0.012585047839217914,-0.07920900697210198
2023-07-17 19:04:30.539,0.07555186709378596,-0.12434570420482362,0.25497697511285966,-0.06438948875670869,0.9750639991590118,0.009035611841316737,-0.08161417081770311
2023-07-17 19:04:30.650,0.09235677479890574,-0.1346162603775116,0.25791160297030413,-0.059786659800168104,0.9993556214081755,0.0034416610161423374,-0.08206351216450405
2023-07-17 19:04:30.748,0.06909841364860342,-0.1254212709996831,0.24632402699295497,-0.08142927225583174,0.9803220026858849,0.0044876352716752095,-0.09776252006140594
2023-07-17 19:04:30.845,0.08522864218026978,-0.11772160300897459,0.23613291820656124,-0.07326357224409907,0.9879069669049549,0.011416444892655357,-0.09652046056393493
2023-07-17 19:04:30.942,0.0787890710330921,-0.132615263785849,0.24042225835003042,-0.06604526695257942,1.006111247442944,-9.892440126377938e-05,-0.08897215154937142
2023-07-17 19:04:31.040,0.08309722213051865,-0.119353242520631,0.256694826666865,-0.0692071094233117,0.9768397286749608,0.002663698052743013,-0.09720915691495828
2023-07-17 19:04:31.137,0.07534091740149805,-0.1253083867813797,0.2527038144711252,-0.06244911498443643,0.9992197229095368,0.006027584744293178,-0.09205676692850039
2023-07-17 19:04:31.249,0.06520253228064635,-0.10643970996397986,0.2406790591125888,-0.07197475389681678,1.0126579106028537,-0.003421288763610358,-0.09006070264235286
2023-07-17 19:04:31.346,0.05811769824330722,-0.1190799712552153,0.26866572794731264,-0.04308550170353466,0.9921408198521194,-0.007620334200916604,-0.0912921809465965
2023-07-17 19:04:31.443,0.07094955027432645,-0.11710524624518026,0.2631922532305908,-0.058094588203873296,1.0017001506042273,0.005049203142914918,-0.08696540814917812
2023-07-17 19:04:31.541,0.07510412450790588,-0.13187252826144602,0.2537183713451892,-0.07062555476550314,0.9862852101814662,0.010133581986954696,-0.07753316641893689
2023-07-17 19:04:31.639,0.07146568814984386,-0.11927520576812035,0.2654114580125569,-0.07372111509310421,0.9843589342250454,-0.01687818721844537,-0.08683395944338099
2023-07-17 19:04:31.750,0.0704401016957284,-0.13565158741973102,0.25663224697520026,-0.06927357504139249,1.0018413138774789,-0.014696017923619775,-0.07358854667023668
2023-07-17 19:04:31.848,0.05562971910535992,-0.128715425983184,0.25821991100584857,-0.06935629550874836,1.0070172504377735,-0.00528588597466343,-0.06543536816278216
2023-07-17 19:04:31.945,0.07338438095507595,-0.13347731309332672,0.26609393160222394,-0.05647738971499267,1.0044955302527696,0.0003486880065883321,-0.07747068035541062
2023-07-17 19:04:32.043,0.05821548353181351,-0.14723321614258839,0.26592910034476824,-0.041359688711700315,0.9848151367438498,-0.00504699457747674,-0.0514186261339035
2023-07-17 19:04:32.140,0.056728326822125016,-0.13957030857206557,0.26438848029859113,-0.04881716511414644,0.9921051162295039,-0.025364855166559393,-0.07581895719432652
2023-07-17 19:04:32.237,0.07878304527828757,-0.13162101861970557,0.24738077031332567,-0.03520500963819171,0.9874364218758173,0.01090488447835036,-0.05547179118098721
2023-07-17 19:04:32.349,0.06715620533899153,-0.11503953719108093,0.25350027226911864,-0.045933211287794984,1.003250905921893,-0.008997993426954655,-0.09125682848122284
2023-07-17 19:04:32.447,0.061707283529865375,-0.12851141461662646,0.26522423177197274,-0.028235080834736984,1.0055130976843372,-0.006781158852225541,-0.07872282017100532
2023-07-17 19:04:32.544,0.07259948947599956,-0.1320494196175887,0.26734989622107835,-0.019045306062243438,0.988121057675396,0.0017183584463670975,-0.09036510224630542
2023-07-17 19:04:32.641,0.07586419908005526,-0.13866524051898324,0.26629916251882124,-0.03929512710126508,0.9697441479105698,-0.013606000387741594,-0.07511415221601732
2023-07-17 19:04:32.738,0.06420377221454542,-0.12793682896312825,0.253527643437326,-0.03242095481905943,1.002386808398988,-0.019088185642130048,-0.06531815433717812
2023-07-17 19:04:32.851,0.07192251668234698,-0.13234413778608212,0.2517825854457743,-0.04831996913492883,0.9958139016164163,-0.008597736804157357,-0.07902391032880329
2023-07-17 19:04:32.947,0.07099930847845136,-0.10573705491637748,0.2618918581703118,-0.05013957081590041,0.9954973172172097,-0.023853577382328073,-0.04234895832397603
2023-07-17 19:04:33.044,0.07592405197355338,-0.1078913706384641,0.24320777093998286,-0.062455946351368065,0.9932897357691074,-0.004948070135837844,-0.06194474810327883
2023-07-17 19:04:33.143,0.06615693395670046,-0.10959526664645637,0.24449811772680055,-0.042033588744250575,0.9961614659034475,-0.02398151945243268,-0.06808329240737332
2023-07-17 19:04:33.240,0.060447744342151034,-0.15096688902038063,0.2704857717694619,-0.06255907822750896,0.9723412985862911,-0.016187504984986632,-0.06249700347370691
2023-07-17 19:04:33.337,0.0702969251076114,-0.10502979930816864,0.24333028525738407,-0.052010292761440355,1.0001420993850838,-0.016620311129415713,-0.059722195066474214
2023-07-17 19:04:33.449,0.0688097051495358,-0.12162927912048876,0.26533791070340285,-0.039382254527193856,0.9894336377541819,-0.01228710429014191,-0.05316403911146569
2023-07-17 19:04:33.546,0.04945739008951164,-0.11124668235993679,0.2698955301762355,-0.020411770958157917,1.007214327110943,-0.005920357171440849,-0.08050465101715576
2023-07-17 19:04:33.643,0.05723989108200752,-0.1385320140252548,0.2627022660023317,-0.02190890157335103,0.9945165662536167,-0.004150811088748161,-0.05640523519910767
2023-07-17 19:04:33.741,0.05239772464730836,-0.11872177098107238,0.2752512504070852,-0.03546586523082552,0.9984925009015412,-0.02159264329112908,-0.06929699748220138
2023-07-17 19:04:33.838,0.054558173255031345,-0.11257047292471792,0.2650207699315516,-0.06468246365124782,0.9993428957467814,-0.02314441513606698,-0.045560666320605216
2023-07-17 19:04:33.950,0.07056956697876969,-0.1260994628182708,0.24194523140794288,-0.041735019964194243,0.9886416918638566,-0.010683594713167485,-0.04205975161803886
2023-07-17 19:04:34.048,0.05247080286769287,-0.11719261722076313,0.26496561259658746,-0.05731094495903423,0.9942518916706976,0.007920140151784721,-0.05878983569681026
2023-07-17 19:04:34.145,0.06043028660560625,-0.12369831642163748,0.25625000045863416,-0.06688882131564315,0.9967732801372632,-0.020813358836816377,-0.03700629922259016
2023-07-17 19:04:34.242,0.06475830088503655,-0.1113449455078992,0.259596307887771,-0.04354822391407054,1.0009523904096485,-0.009589248400479727,-0.06330963701839341
2023-07-17 19:04:34.340,0.06139237233606926,-0.11131631340750424,0.25184630614985626,-0.03890751673283879,0.9886774404979731,-0.0067686395932713755,-0.05928144933546766
2023-07-17 19:04:34.437,0.06541092949634897,-0.11614822495755993,0.24827396940399,-0.050081941792247266,0.9929791700370536,-0.01575661705850065,-0.054377724562334716
2023-07-17 19:04:34.549,0.06481601678839875,-0.12487719917512204,0.24724673261970515,-0.037924782416943956,0.9898465375714557,-0.008651738026972552,-0.07030173562206159
2023-07-17 19:04:34.646,0.07482271508997294,-0.14765218558389018,0.28029083910380065,-0.04611473373709308,1.0239824468022483,0.00042126095722368976,-0.06970404303318016
2023-07-17 19:04:34.743,0.07682963426741812,-0.11907265494037246,0.24400442219941684,-0.04708144181779526,0.9961445754887844,-0.010060110894142455,-0.07032404766916821
2023-07-17 19:04:34.841,0.07254177626915517,-0.11987717584720936,0.24726452848839664,-0.06148572972314925,0.988350135780519,-0.009474676845783757,-0.06494111199658037
2023-07-17 19:04:34.938,0.06101922486720385,-0.1283807169522329,0.24967862945573102,-0.05379522198494486,1.0145619824710144,0.003892869685408796,-0.05192657125261011
2023-07-17 19:04:35.050,0.05431074652915027,-0.11212008443139079,0.24900988436854232,-0.05664598562331647,1.005056173493054,-0.0001900804967947924,-0.06869828317531783
2023-07-17 19:04:35.148,0.06687515580508682,-0.1187053298008482,0.24808504676897336,-0.04787054606033117,0.9975196368186836,-0.0034207581063177925,-0.06166126259690416
2023-07-17 19:04:35.245,0.07093001124017446,-0.13108655194150828,0.25407689541127293,-0.05405631845636168,0.9981175688633935,-0.001590322231267446,-0.06342336679584976
2023-07-17 19:04:35.342,0.07448556363213209,-0.12456085044189637,0.25471408952719937,-0.07557895084373237,0.9878485747708807,-0.01793278620911962,-0.060568270574150436
2023-07-17 19:04:35.439,0.0554594818098111,-0.12277867156284487,0.2618594038773391,-0.05231507736761689,1.0203426052600035,-0.002297952422128366,-0.06023274563684368
2023-07-17 19:04:35.537,0.06639205642598014,-0.10769285897092953,0.27600811425089006,-0.05492151257909442,0.9941846202541598,-0.011078796348425261,-0.06370169359422051
2023-07-17 19:04:35.649,0.06485430063664244,-0.11809102652529876,0.25914623304560763,-0.05363295158499497,0.9842012683435581,-0.01954218411223749,-0.043297973102956015
2023-07-17 19:04:35.746,0.06284753986664307,-0.13750296704930445,0.25242911041903016,-0.04895577580671032,0.9867753690561655,-0.01587748717902432,-0.04712367866564895
2023-07-17 19:04:35.843,0.07773901946298253,-0.1241924109221798,0.27263880236533633,-0.06724248687776979,0.9991114712176044,-0.010308445171980771,-0.02975417124976514
2023-07-17 19:04:35.941,0.08099313041367444,-0.1265884531889733,0.2441167153565058,-0.048453129173938625,0.9879415469258664,0.0019318393954991485,-0.05711575924268092
2023-07-17 19:04:36.038,0.07674604047899772,-0.13445154083664965,0.22942500243006772,-0.04916699299386702,0.9998452936761189,-0.02950598776582582,-0.05395016422232802
2023-07-17 19:04:36.150,0.058483183428590525,-0.12730536438044948,0.2724195970106145,-0.038486487082288544,1.0010350824494172,-0.010497451083134674,-0.033103863024664934
2023-07-17 19:04:36.247,0.0666564648133115,-0.14042009293889268,0.27554034719069626,-0.05732122936503605,1.003341053609914,-0.014229569921417135,-0.06760296807026524
2023-07-17 19:04:36.345,0.07063725448095454,-0.1403474445882601,0.2697332790306401,-0.0563948360425139,0.9967065407184827,-0.0048989058231093605,-0.05335296105894185
2023-07-17 19:04:36.442,0.05731151702364029,-0.12336383541025195,0.2582908600369124,-0.04219194795570111,0.9980482015693378,-0.015562430507467244,-0.05069073424677245
2023-07-17 19:04:36.540,0.06467272593406198,-0.130943377955968,0.2536192984147601,-0.04711918980428132,0.988180485527565,-0.02009072089225912,-0.05362065851758557
2023-07-17 19:04:36.637,0.0707277835350271,-0.1163800924139874,0.2610577655521819,-0.030500687488491128,0.9934733936868921,-0.0028229395788523966,-0.040965777738437195
2023-07-17 19:04:36.749,0.04669736921100931,-0.11068483580584026,0.2554016912877664,-0.04892032389868245,0.9967063777475302,-0.022706540358045077,-0.05962989337224667
2023-07-17 19:04:36.846,0.0713457672417788,-0.1437291246078803,0.24290070901990612,-0.02873637484895854,0.9944929563877944,-0.004068446851065111,-0.04576840684209764
2023-07-17 19:04:36.943,0.08344886702931971,-0.12192411383187546,0.25941262963851125,-0.0063936160566615205,1.0007320262290103,0.0037061084256499854,-0.05101623718292397
2023-07-17 19:04:37.041,0.05883696674968382,-0.14991598720603808,0.25883436234520013,-0.01849628447939832,0.9796289107920355,-0.011718657142631655,-0.053815930841347406
2023-07-17 19:04:37.139,0.06952450783942254,-0.1319942560597949,0.25465616741105374,-0.009431170783626219,0.9949993728893791,-0.02630667791130169,-0.05611436359688255
2023-07-17 19:04:37.250,0.05936237043792303,-0.12315279077347624,0.2737083931382302,0.011055009156920908,0.9961562512067772,-0.0023596703529013517,-0.0691305075829969
2023-07-17 19:04:37.347,0.07088514843466673,-0.11431767147571249,0.2518950770021613,0.007783415845043805,0.9885355832402138,-0.003910992335575049,-0.05577702560567374
2023-07-17 19:04:37.445,0.04968287328698813,-0.12235857465025778,0.2534703182793487,-0.012221407211064145,0.9980675502664507,-0.024198654066756337,-0.0477156859849723
2023-07-17 19:04:37.542,0.043952468595395866,-0.12977880776222334,0.2590357185622377,-0.0064215263341584495,0.9954371979849749,-0.013027395942789993,-0.02911625425298395
2023-07-17 19:04:37.640,0.06723680604039906,-0.11877891806926018,0.24962168383424116,-0.014049317704454348,0.9907481283481198,0.007732705946174595,-0.054574275220631664
2023-07-17 19:04:37.737,0.059064163922661304,-0.13665045404414486,0.26645948368946404,-0.0010180641355592678,1.0004748586333219,-0.003491416650653109,-0.056889923892939655
2023-07-17 19:04:37.849,0.05949497287208922,-0.1113050234570847,0.24924847794387853,-0.019272592347918796,1.012760391355306,-0.0007040847524704729,-0.03850342580318488
2023-07-17 19:04:37.946,0.06609245135164186,-0.11518729631600678,0.2688610887940712,-0.03125671989605262,1.0026917856366249,-0.01855213782784756,-0.037713696813294346
2023-07-17 19:04:38.043,0.06346763790044666,-0.11148540999239293,0.25889392145445084,-0.019434874752661625,0.9881701451660025,-0.00919069556221885,-0.042972819028180384
2023-07-17 19:04:38.141,0.0778433462227494,-0.11508870163715225,0.25698497001911713,-0.03800257341457236,1.0021287538035817,-0.005432791944063894,-0.045907112060173415
2023-07-17 19:04:38.238,0.05680248977294215,-0.12916359155368964,0.25821696612019124,-0.03313998033596733,0.987455905858714,-0.010026471959002206,-0.025534185088866367
2023-07-17 19:04:38.350,0.07675300172687716,-0.130807722204987,0.25534957066354674,-0.043863945473681026,1.0110010168164827,0.004982914660403712,0.024133988026420233
2023-07-17 19:04:38.447,0.06624108636969417,-0.1269616256075197,0.239924501790799,-0.05869766522994522,1.022125265172995,0.01693397606676355,0.008671812325671732
2023-07-17 19:04:38.544,0.07894156894019985,-0.13888740827103555,0.25825615348512837,-0.06221440759674183,0.9969538749385614,0.020490822922644092,0.03247796812367145
2023-07-17 19:04:38.642,0.08750087972348428,-0.12619605017509744,0.22959576143391053,-0.05018942707316608,0.9868160115846978,-0.0037418008041847153,0.029630515499717583
2023-07-17 19:04:38.740,0.05488259361370665,-0.13282443929171056,0.2632987200873752,-0.004403718240304163,0.9918528826860966,0.0029097243140319274,-0.021960772571977386
2023-07-17 19:04:38.837,0.04434260826431521,-0.1310775491943135,0.25137850925445915,0.005556648374667177,0.9999492798072706,-0.02491302487770112,-0.078184088128084
2023-07-17 19:04:38.948,0.027801788594645854,-0.1293952497955909,0.2598668131556774,0.009987650109523329,1.0133912427546052,-0.006778269223881962,-0.07119587594293281
2023-07-17 19:04:39.045,0.03579116950349548,-0.1133629372889087,0.23729363490117766,-0.008751439576874253,0.9950401724874666,-0.013245504378402684,-0.060277851689564774
2023-07-17 19:04:39.143,0.056946069117219215,-0.10331810905882144,0.2539038747802149,-0.016021148944762587,0.9910825064888417,0.001493408561820786,-0.0709707722476431
2023-07-17 19:04:39.241,0.06945868422692376,-0.12006053456471599,0.24222320229921124,0.00022535269885370045,0.9879423460990301,-0.0099460033773789,-0.08441129496677072
2023-07-17 19:04:39.338,0.034811926498770684,-0.12348781004702995,0.25519838787447785,-0.015820465501547823,1.0045117453268788,0.00012492129321016503,-0.09025939823106274
2023-07-17 19:04:39.450,0.05429188572849554,-0.11701787150765221,0.2643285989649983,-0.024307019617932475,0.998133626706322,0.004420688696743555,-0.09188084871389536
2023-07-17 19:04:39.547,0.05921237986298452,-0.1281254302592069,0.24784475763649488,-0.04048355574617354,0.9990162865531562,0.014200778055668266,-0.08848305890721656
2023-07-17 19:04:39.644,0.07567498552553197,-0.13929123990225628,0.26129153797540106,-0.04534011602911083,1.0119660069435643,0.007696063147045504,-0.06936343823915848
2023-07-17 19:04:39.742,0.06053882088239353,-0.12049198721100761,0.2483638410180514,-0.03981741036176165,0.9934623988596976,0.01688998072919884,-0.05596111457079573
2023-07-17 19:04:39.839,0.0720196485912098,-0.1371130711892394,0.22038457466767808,-0.038170716890105254,1.0023709552326958,-0.003741314076824192,-0.061645799308400924
2023-07-17 19:04:39.937,0.07351396312259646,-0.13612446155963476,0.2751707745638735,-0.04180839603044745,1.015463570437949,0.006077404110883041,-0.07953716076199965
2023-07-17 19:04:40.049,0.044191472193095827,-0.1447773063565556,0.2678643582621105,-0.0331997889879522,0.9978936869291927,0.016879987364788535,-0.08415321966505339
2023-07-17 19:04:40.146,0.051684911820334134,-0.12187807724524467,0.26100863264264906,-0.033631426777346894,1.0041345331680949,-0.006114047508571361,-0.07454195723940482
2023-07-17 19:04:40.243,0.044164013638198676,-0.12968700278230444,0.24772914805201282,-0.0261275382733838,1.0109044172364736,0.001526615117778721,-0.042948854729582236
2023-07-17 19:04:40.341,0.05532857792302885,-0.12045411581021967,0.2532674442005651,-0.02792505305465857,0.9985460292135317,0.018624706028742524,-0.06118506406877333
2023-07-17 19:04:40.438,0.06242563917473661,-0.14223962422934938,0.2545063667268624,-0.03307873520148885,0.9897301901229322,0.008169067841387212,-0.06303690664451363
2023-07-17 19:04:40.550,0.08194054349929096,-0.12982610820805657,0.2518786571934172,-0.03431359170065844,1.0048152195666846,0.006579709512014047,-0.060251475800006865
2023-07-17 19:04:40.647,0.08357890971367565,-0.13729331412874526,0.24380020863733784,-0.03506965865423228,0.9793645156146947,0.008141197977978833,-0.0603163623134614
2023-07-17 19:04:40.744,0.054998744539423085,-0.15045121523543128,0.26238778147394604,-0.031952251377672776,0.9945143116412819,0.014593402292062248,-0.041634202905854824
2023-07-17 19:04:40.842,0.07286195630386944,-0.1302945894782947,0.24831327630216837,-0.03509994583253858,0.9785391194105002,-0.00693809055767982,-0.04536158466232145
2023-07-17 19:04:40.940,0.0741564485950279,-0.14458191266939496,0.25249507553553796,-0.02372625933111923,0.9964184548226123,0.0031382552063048148,-0.0703922343314747
2023-07-17 19:04:41.037,0.0767395130770426,-0.12131389419920044,0.24837122808934062,-0.015194805172242502,1.0132909878666452,0.00986841247276115,-0.05296418104156019
2023-07-17 19:04:41.149,0.06561708285221238,-0.1286931929798232,0.2614058870243132,-0.039190794817786104,0.9962586046211036,0.0006037188080671198,-0.05040845344921234
2023-07-17 19:04:41.246,0.05729236676744293,-0.14261513647151608,0.2481176549824391,-0.032344729765891166,0.9913872080674441,0.024131118461238988,-0.050730350227002785
2023-07-17 19:04:41.343,0.0633078918148394,-0.12581373366214818,0.2620461401526901,-0.03461500057389853,1.00729309516578,-0.00850416696601484,-0.05458109610363945
2023-07-17 19:04:41.440,0.06781598530279205,-0.11905698193636785,0.2523186485878956,-0.03720102185483102,0.983333016074951,0.013521152538542181,-0.04944441655603364
2023-07-17 19:04:41.538,0.07013589745648476,-0.11905228899374332,0.25127410967468733,-0.022180854494151386,0.9992045224331207,-0.011859503816175378,-0.025572688885789906
2023-07-17 19:04:41.650,0.07065503980445044,-0.14183719675708736,0.2713894681764172,-0.03295651187376642,1.010097959224884,0.02398230775419028,-0.026368165702366532
2023-07-17 19:04:41.747,0.060097983036870965,-0.13380263936349618,0.2610839561263673,-0.04053258458480723,1.0030997262754942,0.007616874805490878,-0.038666777134335036
2023-07-17 19:04:41.844,0.06272528088403402,-0.12968772381756216,0.24678650097747684,-0.031700057913984364,0.9704698269447417,0.008814637284958123,-0.03739919261440666
2023-07-17 19:04:41.942,0.06278740833736249,-0.13076379381422246,0.2606258289797928,-0.020383195774675338,0.9988374405194554,0.01326483688584515,-0.04671433100382347
2023-07-17 19:04:42.039,0.06095591394354545,-0.13539046634609114,0.25249223144947625,-0.025755648150536242,1.011183661696874,0.007993485326655357,-0.022860685202202725
2023-07-17 19:04:42.137,0.055558283498748876,-0.15249487035078327,0.24073459850869663,-0.041538045188605856,0.9930070866329413,0.028454751924511065,-0.029543736379534037
2023-07-17 19:04:42.248,0.0598575859047428,-0.11967494527986888,0.24018728161854133,-0.039452048169864286,1.0062151684815042,-0.002087867950064994,-0.016911012903460476
2023-07-17 19:04:42.345,0.07166599788229523,-0.1308928483758633,0.2599155956145041,-0.034269937741283375,1.0121309546912227,0.008280661617971061,-0.03463055983315351
2023-07-17 19:04:42.443,0.07655658214883007,-0.1393602847115762,0.2591139623031516,-0.03323253674410928,0.993971432298384,0.012650430102660558,-0.04675694471765465
2023-07-17 19:04:42.541,0.06109416215564148,-0.1325424252977945,0.26240046205857864,-0.0426480385492195,0.9807903826490817,0.011066940348225083,-0.018011003484238404
2023-07-17 19:04:42.638,0.06964801530166029,-0.12509440615110973,0.28111851992849224,-0.04012779392610437,1.0004945724007035,0.015119135135736856,-0.043286972777271594
2023-07-17 19:04:42.750,0.055899158197432366,-0.12368534130777283,0.2521503090027066,-0.018152135346136487,1.014896105106933,-0.0007602301849165011,-0.046772744676616684
2023-07-17 19:04:42.847,0.07276813171041815,-0.12715518250568572,0.25462437169427726,-0.02444348788167681,1.0010197983574363,0.011009844192492084,-0.05088992766714269
2023-07-17 19:04:42.944,0.05715824660186795,-0.12995034989915344,0.24874935046017,-0.03363734100226495,0.9862147880232489,0.0210332774969555,-0.05010394191194356
2023-07-17 19:04:43.042,0.06628496428750996,-0.1285739912452162,0.26478524694061384,-0.028879842331538893,1.0079891186890364,-0.018620386801107947,-0.03697901837523705
2023-07-17 19:04:43.139,0.05028919755069216,-0.10962101377736207,0.2678917706238044,0.009209486063621191,1.005312247785625,-0.0405911944292315,-0.024065109392838624
2023-07-17 19:04:43.237,0.04168459932984398,-0.12845665354149874,0.294467811704932,0.049494297720569395,0.9914146964548984,-0.09105673185805009,-0.05977698835685924
2023-07-17 19:04:43.348,0.014921692968413848,-0.12183475218503902,0.3054138061414857,0.0921259897664812,0.9936789799095322,-0.14863596568979992,-0.05459598260436849
2023-07-17 19:04:43.445,-0.018039061377732046,-0.1053948468652148,0.3455384551700855,0.12504672762558317,0.9737085791206747,-0.175426886738978,-0.0614603303904875
2023-07-17 19:04:43.543,-0.006374361462806533,-0.09963825190433116,0.3553480780173169,0.16199676692397072,0.9741199544715928,-0.2318868211048306,-0.05800058475656563
2023-07-17 19:04:43.640,-0.02964882326530488,-0.09411440688666681,0.3606952975831498,0.15351763686307934,0.9580925686234615,-0.2135117571640822,-0.06718395228985174
2023-07-17 19:04:43.738,-0.011287959247707372,-0.10011264447788144,0.3573743593951144,0.15450879134781412,0.9514449907627794,-0.24424680390752865,-0.04888574372709393
2023-07-17 19:04:43.849,-0.008581104097657563,-0.10338516995414652,0.3604190107085842,0.16165542399311486,0.9573281643899091,-0.23649676510163553,-0.050933277698437716
2023-07-17 19:04:43.947,-0.031444260014601315,-0.10112491526064954,0.36600339138619964,0.18843255412940862,0.9436406025374788,-0.2701491606775017,-0.05494680609614374
2023-07-17 19:04:44.044,-0.02904256348511316,-0.09481045115042532,0.3633010514504339,0.14844900065633906,0.9509651284754037,-0.2705531158081204,-0.029802762909652072
2023-07-17 19:04:44.142,-0.013907425394392006,-0.11468600028772008,0.3649179006833489,0.16934474416315454,0.9353575620312807,-0.2618861430621483,-0.05375743165580391
2023-07-17 19:04:44.240,-0.011740752495528025,-0.10276868422767071,0.36431251486591293,0.17981231333959222,0.9582863306293105,-0.25488346810297957,-0.06307641649839157
2023-07-17 19:04:44.350,-0.024587812117908236,-0.09178925054903847,0.3740512612381584,0.17423800043310175,0.9455566080314705,-0.2526406045385781,-0.06481338677099832
2023-07-17 19:04:44.449,-0.018800975678601593,-0.08982054656744409,0.38377761927721343,0.1835717865916953,0.9397672435266076,-0.2525836501597453,-0.05705224732757568
2023-07-17 19:04:44.545,-0.019024728229467335,-0.10858466160309992,0.36733259591656003,0.15288140162424985,0.9642779583580094,-0.2559054378828566,-0.0798663908827875
2023-07-17 19:04:44.644,-0.010901379552433236,-0.0983481669486995,0.3769472235343352,0.1678353808757316,0.9562297950244237,-0.2460206519309546,-0.07305622702825426
2023-07-17 19:04:44.740,-0.01944206566920344,-0.11296418791815896,0.35905926143950545,0.16311508284150966,0.9522791696023206,-0.25340248391510667,-0.04061860911145225
2023-07-17 19:04:44.838,-0.019224772132500647,-0.09747311485970092,0.3687305035531891,0.1732350564487785,0.9466870397927475,-0.2733839967925098,-0.05450038777786831
2023-07-17 19:04:44.950,-0.03498010248237267,-0.08892690640951673,0.3685760153529278,0.1608659137558126,0.9327767930207927,-0.24577626489798815,-0.04688330647917485
2023-07-17 19:04:45.047,-0.025984228959542083,-0.11585935682615955,0.3789492811352479,0.15811114946629304,0.9736838933973707,-0.2466693309790815,-0.07276362222839938
2023-07-17 19:04:45.144,-0.029126686485679124,-0.11782229806502427,0.36490152461041275,0.16189923172139908,0.9467033597531385,-0.22132290311602973,-0.0657137141694662
2023-07-17 19:04:45.242,-0.002865209966506593,-0.101824613313375,0.3301870139490856,0.1175777623483365,0.983981793136907,-0.20047195119076688,-0.048545828182131816
2023-07-17 19:04:45.339,0.011165769649311446,-0.10557241779968443,0.33097202918224,0.10212101573532488,0.9840186776116023,-0.1684981295115267,-0.029349350678650347
2023-07-17 19:04:45.451,-0.0020681735282346817,-0.12344772437462023,0.3274736381828728,0.10613693763861803,0.9723297584279988,-0.18275196229539217,-0.04363388512160855
2023-07-17 19:04:45.548,0.0076359710045409875,-0.10404865080605517,0.3367208416661521,0.10128399035244265,0.9938473316986044,-0.16354145931485195,-0.023162307881913483
2023-07-17 19:04:45.645,0.008704011424352872,-0.09832494346183622,0.35642535771429973,0.10192687965728027,0.9873553129736546,-0.19730762186969228,-0.020934547865039992
2023-07-17 19:04:45.743,0.0020349150892502287,-0.10627403896540955,0.3548824457253232,0.11432285489391682,0.9614487259029054,-0.21141513130318487,-0.021698099375950318
2023-07-17 19:04:45.840,-0.0032533018462746546,-0.11699501831189321,0.34507924059957246,0.13676656376179908,0.9758436409925633,-0.22372904526190934,-0.02168334884829387
2023-07-17 19:04:45.938,-0.010654065568354047,-0.1119948470981986,0.36807111086684824,0.12535148863267795,0.9721355156241944,-0.22853213057466423,-0.029178770856789136
2023-07-17 19:04:46.050,0.0024823772592885724,-0.10904213940319271,0.3586867754273908,0.14246976404911788,0.9647253814490379,-0.24597028255087963,-0.030298123931326533
2023-07-17 19:04:46.147,-0.0039221574991838894,-0.09153716586359434,0.37418389864277685,0.1517186319504935,0.9500185090390431,-0.25194606677708803,-0.03571037965014605
2023-07-17 19:04:46.244,-0.018218803533671116,-0.09817432713086202,0.36868307601646694,0.1629659684694849,0.9404819073802054,-0.25721135060248496,-0.04176660704043606
2023-07-17 19:04:46.342,-0.006839421950383395,-0.09843127445553997,0.36676311020835217,0.17855675465974968,0.9615304107227676,-0.2225862071921424,-0.0187469905444732
2023-07-17 19:04:46.439,-0.018791048793500156,-0.11458323808806244,0.376642841515888,0.16543688406426563,0.9551296226157352,-0.2514269497467233,-0.03138862306184149
2023-07-17 19:04:46.551,-0.019608063960470594,-0.09602855540811293,0.370943877008072,0.15990588732680122,0.9452610246130119,-0.24994510044612267,-0.022977523467602866
2023-07-17 19:04:46.648,-0.022277739891271898,-0.10191726900748754,0.37226427843559845,0.18417613424178977,0.9499547206973358,-0.26470172464494635,-0.029119016690305588
2023-07-17 19:04:46.746,-0.010859965231458735,-0.10715171091546558,0.3781954968793184,0.1644595357704398,0.961407055854585,-0.2578431640426325,-0.033063607907026026
2023-07-17 19:04:46.843,-0.026823897004052376,-0.07902980453170556,0.38663101623426366,0.1721839732280512,0.9174942873952345,-0.2581205850056155,-0.03249485315875406
2023-07-17 19:04:46.940,-0.00756882213867878,-0.09084483251379065,0.3600114263210618,0.195156418169954,0.9521559450066801,-0.26970153533334995,-0.03443927666184586
2023-07-17 19:04:47.038,-0.03504304038971118,-0.09704997635361794,0.3805153727711271,0.18795058296607442,0.9501485484634236,-0.28726400294591536,-0.02983717146983075
2023-07-17 19:04:47.149,-0.004033000571111129,-0.0866876082593983,0.372771791571137,0.1546296513369644,0.927371215504335,-0.2896786319377226,-0.048950826727839805
2023-07-17 19:04:47.247,-0.014177196656178358,-0.0939108038804448,0.4112567014431561,0.16682048236244357,0.9300791101507093,-0.25216639825886433,-0.03546201010847968
2023-07-17 19:04:47.344,-0.029277572127870004,-0.09146691888697316,0.3835378665740794,0.18386191905340407,0.9542526168619568,-0.28726423721659305,-0.03902494016483138
2023-07-17 19:04:47.442,-0.027882758434921242,-0.08880152240398426,0.374668166750428,0.17867831473829174,0.9443449073079052,-0.28228783996023515,-0.0604388818741592
2023-07-17 19:04:47.539,-0.01589136874888217,-0.0975016742975525,0.37657032072557606,0.1772556734014448,0.9302133986435246,-0.2637911554680675,-0.018931293019549596
2023-07-17 19:04:47.650,-0.021683615662161114,-0.09697797178925328,0.35761147940250776,0.15176170006495535,0.9628788887001196,-0.2530162623598952,-0.0234778687264838
2023-07-17 19:04:47.748,-0.01707763290982951,-0.09430208526033754,0.3726991933879604,0.15939301954320328,0.9364829063420075,-0.2761478221429065,0.0004945519798042475
2023-07-17 19:04:47.845,-0.019855802637332692,-0.10208353334089215,0.3712576815503953,0.15995998947770837,0.9506937050469672,-0.2729707672797676,-0.025377906101675847
2023-07-17 19:04:47.943,-0.015396517092610742,-0.102967853008883,0.36861769923914645,0.15076096119424157,0.9290143762727245,-0.27806621472833365,-0.016136919414494143
2023-07-17 19:04:48.040,-0.025945007435884446,-0.09540421112668299,0.34398907669333123,0.16266460131852956,0.963006974754363,-0.25257226012675876,-0.024047122482654337
2023-07-17 19:04:48.138,-0.020336140851010202,-0.09631829338877824,0.35735996397785197,0.17471272260858103,0.9445158525345577,-0.26682154439592426,-0.03076944013334843
2023-07-17 19:04:48.249,-0.03710823590412448,-0.09121142793407618,0.38226110929725965,0.16414557371251673,0.9420444321935684,-0.2720184122147268,-0.030515477353494663
2023-07-17 19:04:48.347,-0.00344682537710235,-0.1024160579938311,0.3646808827498991,0.17802595382143221,0.9236336803471472,-0.26474667187964196,-0.036565019640345954
2023-07-17 19:04:48.444,-0.016777589393380737,-0.10806225383213444,0.37826916887572404,0.1595278269985103,0.9499063205292536,-0.2565566791499844,-0.04391430826731547
2023-07-17 19:04:48.542,-0.019718517489279785,-0.0915623849831348,0.3652642930492064,0.1871647054518887,0.9461137804801626,-0.25028639585612017,-0.018744933459622186
2023-07-17 19:04:48.639,-0.01681703335840158,-0.08673940937123668,0.352289886715959,0.1778070729445461,0.9486019342137009,-0.2639153665325731,-0.04748829409219013
2023-07-17 19:04:48.750,-0.003006397428398193,-0.0913889286735232,0.3823858527839094,0.1650492758164634,0.9468035939287214,-0.2589832266593812,-0.04890234673166959
2023-07-17 19:04:48.848,-0.03366890479262456,-0.10468611214772108,0.3767634144899552,0.15350707418363574,0.9379491875393827,-0.2726960824232151,-0.044646711372242576
2023-07-17 19:04:48.945,-0.014424631693556646,-0.06787997513661931,0.37809131138790314,0.1795854510316126,0.9413509631321518,-0.2970143630089872,-0.053340207838210044
2023-07-17 19:04:49.043,-0.009942654542466161,-0.10556426198572201,0.3724606910027307,0.1829662425311118,0.9395223670811298,-0.28139300706871595,-0.014410219742599054
2023-07-17 19:04:49.141,-0.022632223497649144,-0.08502313999105139,0.36202367865338775,0.20648455603233293,0.9406257870782334,-0.30077118141834425,-0.013675732253135089
2023-07-17 19:04:49.238,-0.032595646482598765,-0.09289555276951632,0.3811451783065356,0.16369375840952666,0.9536026641370082,-0.2958378600089076,-0.052852079425304496
2023-07-17 19:04:49.349,-0.012809423534471513,-0.09009604158754331,0.3805360091564043,0.1613722012336457,0.9375532755542649,-0.2737309486655776,-0.05145594032062864
2023-07-17 19:04:49.447,-0.019053013553014312,-0.06647432978585838,0.37398559546256627,0.17186649812395882,0.9482242602654182,-0.27081673269995926,-0.04413535852776843
2023-07-17 19:04:49.544,-0.024633593367026925,-0.09226288653707741,0.3466819071577286,0.15847131885934182,0.9382286037703769,-0.2736917876181557,-0.028641999793454363
2023-07-17 19:04:49.641,-0.014153271915025474,-0.07395855203145191,0.3671334047781947,0.1908909708033187,0.942527603344333,-0.2484796161355221,-0.0322965841391392
2023-07-17 19:04:49.739,-0.037820762929917096,-0.07834299535686562,0.37440266365911823,0.16806215296344293,0.9511153767899597,-0.2575835909085638,-0.036240707355355825
2023-07-17 19:04:49.850,-0.024804645311722984,-0.0869769782593377,0.347853183235388,0.15809216500594928,0.9437821975003284,-0.2501337625143842,-0.046672331793619334
2023-07-17 19:04:49.947,-0.020032080658466418,-0.09550446451084736,0.3633219421930731,0.1813700568539563,0.9592823086053868,-0.24791985810088374,-0.016617347870660115
2023-07-17 19:04:50.045,-0.00979820721052001,-0.07425489622692641,0.36887638278437807,0.1639542644005295,0.9766353896783616,-0.24412845126225802,-0.031656156867021445
2023-07-17 19:04:50.142,-0.020609107755287685,-0.11059371702021392,0.3671393886042783,0.16067247546236785,0.9647645624922582,-0.2522631549192395,-0.02380793238428881
2023-07-17 19:04:50.240,-0.015942774947852775,-0.09185807936584553,0.3619170192354783,0.17311654405336036,0.9417871502076396,-0.24730787848016772,-0.027196545652090558
2023-07-17 19:04:50.337,-0.015575463011857544,-0.0997558773577647,0.3714339561742923,0.18263628670075155,0.9654236678043273,-0.25822525015566017,-0.03207807819060465
2023-07-17 19:04:50.449,-0.025820314800392312,-0.1031437140730114,0.3840045022601737,0.1540282037156988,0.9486050441074262,-0.25355520472797016,-0.045917614874447246
2023-07-17 19:04:50.546,-0.023860766258049913,-0.11696484463215309,0.3703376986102861,0.1737129257982316,0.9639810367350363,-0.27145712882364625,-0.03452404245328581
2023-07-17 19:04:50.644,-0.020869612446987904,-0.11075223503252071,0.38746161444202765,0.17352421574430396,0.9485762894012263,-0.2588932049064477,-0.021011193053360078
2023-07-17 19:04:50.741,-0.032107764869714395,-0.08440540849993994,0.3540766321632453,0.1642126426838369,0.9549900879091223,-0.23679719014903108,-0.03265751003143842
2023-07-17 19:04:50.839,-0.023318973323022366,-0.10684264520679154,0.36486301856919545,0.18672319693968698,0.9521147114876461,-0.26392869236847244,-0.035502930456480015
2023-07-17 19:04:50.950,-0.02773124080778424,-0.11497343361615801,0.38302679706457127,0.1543693883473058,0.9487557046417964,-0.2549380986824847,-0.03135302933029079
2023-07-17 19:04:51.048,-0.025966139335536098,-0.09248718063161998,0.36828804850399594,0.17742323719005454,0.9608974689803517,-0.2609259353896046,-0.0029879250055115554
2023-07-17 19:04:51.146,-0.0213905659371706,-0.09574612578329152,0.38819648811033747,0.17297673584896328,0.9413900785917154,-0.25815468604449426,-0.04175064443961279
2023-07-17 19:04:51.243,-0.014791755233071021,-0.10392658689996662,0.3729125900931565,0.17265776182473175,0.9445748093089771,-0.25085742002952427,-0.025670619346304532
2023-07-17 19:04:51.340,-0.011122194917001529,-0.10958651777880035,0.3570360288130831,0.15246647620068832,0.9547019359389748,-0.2750729998656264,-0.036411953513277806
2023-07-17 19:04:51.437,0.006648729356145154,-0.10773717512092237,0.37091695416486625,0.17620007457162284,0.9251473091662049,-0.27653864664477396,-0.022550849896952815
2023-07-17 19:04:51.549,-0.02230121441535568,-0.10861364527647191,0.3757610820289143,0.15792382898087368,0.9484491319513935,-0.2764256222337224,-0.0364923494586501
2023-07-17 19:04:51.646,-0.023822025817466865,-0.10869571615542419,0.36545626385601704,0.16743445848280653,0.9460224725216636,-0.25562535158434446,-0.03500123488726149
2023-07-17 19:04:51.744,-0.01323144549055527,-0.09912027364328524,0.3564411201564827,0.1652802102327813,0.9493790081738188,-0.27923406842971416,-0.021718155890525077
2023-07-17 19:04:51.841,-0.015776906846025014,-0.11658466828820997,0.364476864744539,0.16231982538632933,0.940086738074571,-0.2576240575890904,-0.025997680563591
2023-07-17 19:04:51.939,-0.028347634409281917,-0.1059068087789482,0.3826336744727377,0.16360821519128638,0.9523928443159178,-0.25287267151189985,-0.035616614713117105
